segment,class,old_width_m,new_width_m,old_width_source,new_width_source
1017207294-0,track,3.0,5.0,class,road7
1017831598-0,service,3.0,5.0,class,road7
1017831598-1,service,3.0,5.0,class,road7
1017831599-0,service,3.0,5.0,class,road7
1017831600-0,service,3.0,5.0,class,road7
1017969175-0,service,3.0,5.0,class,road7
1017969175-1,service,3.0,5.0,class,road7
1017969176-0,service,3.0,5.0,class,road7
1017969176-1,service,3.0,5.0,class,road7
1017969176-2,service,3.0,5.0,class,road7
1017969177-0,service,3.0,5.0,class,road7
1017969177-1,service,3.0,5.0,class,road7
1017969177-2,service,3.0,5.0,class,road7
1017969178-0,service,3.0,5.0,class,road7
1017969179-0,service,3.0,5.0,class,road7
1017969179-1,service,3.0,5.0,class,road7
1017969180-0,service,3.0,5.0,class,road7
1017969181-0,track,3.0,5.0,class,road7
1017992511-0,track,3.0,5.0,class,road7
1017992512-0,service,3.0,5.0,class,road7
1017992514-0,track,3.0,5.0,class,road7
1017992515-0,track,3.0,5.0,class,road7
1021109610-0,service,3.0,5.0,class,road7
1021109610-1,service,3.0,5.0,class,road7
1021109611-0,service,3.0,5.0,class,road7
1023567850-0,service,3.0,5.0,class,road7
1023567850-1,service,3.0,5.0,class,road7
1023567850-2,service,3.0,5.0,class,road7
1023567850-3,service,3.0,5.0,class,road7
1023567851-0,service,3.0,5.0,class,road7
1023567852-0,track,3.0,5.0,class,road7
1023567853-0,service,3.0,5.0,class,road7
1023567854-0,track,3.0,5.0,class,road7
1041198837-0,service,3.0,5.0,class,road7
1041198837-1,service,3.0,5.0,class,road7
1050467848-0,service,3.0,5.0,class,road7
1050467848-1,service,3.0,5.0,class,road7
1061974466-0,track,3.0,5.0,class,road7
1071604864-0,service,3.0,5.0,class,road7
1078670757-0,service,3.0,5.0,class,road7
1078670758-0,track,3.0,5.0,class,road7
1078670759-0,service,3.0,5.0,class,road7
1078670760-0,service,3.0,5.0,class,road7
1078670761-0,service,3.0,5.0,class,road7
1078670762-0,service,3.0,5.0,class,road7
1078670762-1,service,3.0,5.0,class,road7
1078670762-2,service,3.0,5.0,class,road7
1078670762-3,service,3.0,5.0,class,road7
1078670762-4,service,3.0,5.0,class,road7
1078671665-0,service,3.0,5.0,class,road7
1078675512-0,service,3.0,5.0,class,road7
1078675513-0,service,3.0,5.0,class,road7
107898710-0,service,3.0,5.0,class,road7
107898710-1,service,3.0,5.0,class,road7
107898757-0,service,3.0,5.0,class,road7
107898801-0,service,3.0,5.0,class,road7
107898801-1,service,3.0,5.0,class,road7
107898801-2,service,3.0,5.0,class,road7
107898801-3,service,3.0,5.0,class,road7
1079447813-0,service,3.0,5.0,class,road7
1079447813-1,service,3.0,5.0,class,road7
1079447814-0,service,3.0,5.0,class,road7
1079447814-1,service,3.0,5.0,class,road7
1079447815-0,service,3.0,5.0,class,road7
1079469328-0,service,3.0,5.0,class,road7
1079586655-0,service,3.0,5.0,class,road7
1079586655-1,service,3.0,5.0,class,road7
1079604771-0,service,3.0,5.0,class,road7
1079677852-0,service,3.0,5.0,class,road7
1079720769-0,track,5.0,5.0,road6,road7
1079720770-0,track,5.0,5.0,road6,road7
1079802248-0,service,3.0,5.0,class,road7
1079850434-0,service,3.0,5.0,class,road7
1080609298-0,service,3.0,5.0,class,road7
114676986-0,service,3.0,5.0,class,road7
115087640-0,track,3.0,5.0,class,road7
115095472-0,track,3.0,5.0,class,road7
115095474-0,track,3.0,5.0,class,road7
115095474-1,track,3.0,5.0,class,road7
115107430-0,track,3.0,5.0,class,road7
115841311-0,track,3.0,5.0,class,road7
115841312-0,track,5.0,5.0,road6,road7
115841572-0,track,3.0,5.0,class,road7
115841572-1,track,3.0,5.0,class,road7
115841722-0,track,5.0,5.0,road6,road7
115841722-1,track,3.0,5.0,tag,road7
115841722-2,track,3.0,5.0,tag,road7
115841722-3,track,3.0,5.0,tag,road7
115841722-4,track,3.0,5.0,tag,road7
115841722-5,track,3.0,5.0,tag,road7
115842071-0,track,3.0,5.0,class,road7
115842071-1,track,3.0,5.0,class,road7
115842071-2,track,3.0,5.0,class,road7
115842071-3,track,3.0,5.0,class,road7
115843786-0,service,3.0,5.0,class,road7
115843787-0,track,3.0,5.0,class,road7
115844410-0,track,5.0,5.0,road6,road7
115845218-0,track,3.0,5.0,class,road7
115845218-1,track,3.0,5.0,class,road7
115845219-0,track,3.0,5.0,class,road7
115845219-1,track,3.0,5.0,class,road7
115845220-0,track,3.0,5.0,class,road7
115848528-0,service,3.0,5.0,class,road7
115848528-1,service,3.0,5.0,class,road7
115848753-0,track,3.0,5.0,class,road7
115848753-1,track,3.0,5.0,class,road7
115848754-0,track,3.0,5.0,class,road7
115848754-1,track,3.0,5.0,class,road7
115848755-0,track,3.0,5.0,class,road7
115852457-1,track,3.0,5.0,class,road7
115954301-0,track,3.0,5.0,class,road7
115954302-0,track,3.0,5.0,class,road7
116391260-0,track,3.0,5.0,tag,road7
116391262-0,track,3.0,5.0,class,road7
116391262-1,track,3.0,5.0,class,road7
116391262-2,track,3.0,5.0,class,road7
116391262-3,track,3.0,5.0,class,road7
116391265-0,track,2.0,5.0,tag,road7
116391267-0,track,3.0,5.0,class,road7
116391268-0,track,3.0,5.0,class,road7
116391268-1,track,3.0,5.0,class,road7
116689900-0,track,3.0,5.0,class,road7
116805296-0,service,3.0,5.0,class,road7
116805299-0,service,3.0,5.0,class,road7
116944237-3,service,3.0,5.0,class,road7
116944237-4,service,3.0,5.0,class,road7
116944238-0,service,3.0,5.0,class,road7
116944238-1,service,3.0,5.0,class,road7
116944238-2,service,3.0,5.0,class,road7
116944238-3,service,3.0,5.0,class,road7
116944238-4,service,3.0,5.0,class,road7
116944238-5,service,3.0,5.0,class,road7
116944238-6,service,3.0,5.0,class,road7
116944238-7,service,3.0,5.0,class,road7
116944238-8,service,3.0,5.0,class,road7
116944240-0,service,3.0,5.0,class,road7
116944243-0,service,3.0,5.0,class,road7
116944245-0,service,3.0,5.0,class,road7
116944246-0,service,3.0,5.0,class,road7
116944247-0,service,3.0,5.0,class,road7
116944248-0,service,3.0,5.0,class,road7
116944248-1,service,3.0,5.0,class,road7
116944249-0,service,3.0,5.0,class,road7
116944250-0,service,3.0,5.0,class,road7
116944251-0,service,3.0,5.0,class,road7
117180956-0,service,3.0,5.0,class,road7
117180956-1,service,3.0,5.0,class,road7
1182027205-0,service,3.0,5.0,class,road7
1182027206-0,service,3.0,5.0,class,road7
1182027207-0,service,3.0,5.0,class,road7
1182027208-0,service,3.0,5.0,class,road7
1182027208-1,service,3.0,5.0,class,road7
1182027208-2,service,3.0,5.0,class,road7
1182027208-3,service,3.0,5.0,class,road7
1182027209-0,service,3.0,5.0,class,road7
1182027209-1,service,3.0,5.0,class,road7
1182027210-0,service,3.0,5.0,class,road7
1182027218-0,service,3.0,5.0,class,road7
1182061724-0,service,3.0,5.0,class,road7
1182061724-1,service,3.0,5.0,class,road7
1182061724-2,service,3.0,5.0,class,road7
1182061724-3,service,3.0,5.0,class,road7
1182061724-4,service,3.0,5.0,class,road7
1230840741-0,service,3.0,5.0,class,road7
1230840742-0,service,3.0,5.0,class,road7
125136955-0,service,3.0,5.0,class,road7
125136957-0,service,3.0,5.0,class,road7
125136957-1,service,3.0,5.0,class,road7
125136957-2,service,3.0,5.0,class,road7
125137591-0,service,3.0,5.0,class,road7
1258314912-0,service,3.0,5.0,class,road7
125938924-0,track,5.0,5.0,road6,road7
1267959798-0,track,5.0,5.0,road6,road7
1267961195-0,service,3.0,5.0,tag,road7
1267961195-1,service,3.0,5.0,tag,road7
1267961196-0,track,3.0,5.0,tag,road7
130743278-0,service,3.0,5.0,class,road7
130743279-0,track,3.0,5.0,class,road7
130743279-1,track,3.0,5.0,class,road7
130743279-2,track,3.0,5.0,class,road7
130790267-0,track,3.0,5.0,class,road7
130790278-0,track,3.0,5.0,class,road7
130790297-2,track,3.0,5.0,class,road7
130790297-3,track,3.0,5.0,class,road7
130912230-0,track,3.0,5.0,class,road7
1311089735-0,track,3.0,5.0,class,road7
1318192429-0,track,5.0,5.0,road6,road7
1318192430-0,service,3.0,5.0,class,road7
132472307-0,track,3.0,5.0,class,road7
132472307-1,track,3.0,5.0,class,road7
132472315-0,track,3.0,5.0,class,road7
132472315-1,track,3.0,5.0,class,road7
132472315-2,track,3.0,5.0,class,road7
132472315-3,track,3.0,5.0,class,road7
132472315-4,track,5.0,5.0,road6,road7
132472317-0,track,3.0,5.0,class,road7
132472317-1,track,3.0,5.0,class,road7
132472320-0,track,3.0,5.0,class,road7
132472320-1,track,3.0,5.0,class,road7
132472321-0,track,3.0,5.0,class,road7
132472321-1,track,3.0,5.0,class,road7
132472342-0,service,3.0,5.0,class,road7
132472342-1,service,3.0,5.0,class,road7
132472344-0,track,3.0,5.0,class,road7
132472346-0,track,3.0,5.0,class,road7
132472346-1,track,3.0,5.0,class,road7
132472346-2,track,3.0,5.0,class,road7
132472346-3,track,3.0,5.0,class,road7
132472352-0,track,3.0,5.0,class,road7
132472363-0,track,3.0,5.0,class,road7
132472363-1,track,3.0,5.0,class,road7
132472363-2,track,3.0,5.0,class,road7
132472364-0,track,3.0,5.0,class,road7
132472364-1,track,3.0,5.0,class,road7
1329299504-0,service,3.0,5.0,class,road7
133755979-0,track,3.0,5.0,class,road7
133755979-1,track,3.0,5.0,class,road7
133755979-2,track,3.0,5.0,class,road7
133755980-0,track,3.0,5.0,class,road7
133755980-1,track,3.0,5.0,class,road7
133755981-0,service,3.0,5.0,class,road7
133755981-1,service,3.0,5.0,class,road7
133755981-2,service,3.0,5.0,class,road7
133755981-3,service,3.0,5.0,class,road7
1350957881-0,track,3.0,5.0,class,road7
1361013856-0,service,3.0,5.0,class,road7
1361015384-0,service,3.0,5.0,class,road7
1362042116-0,service,3.0,5.0,class,road7
1362042117-0,track,5.0,5.0,road6,road7
1364720121-0,service,3.0,5.0,class,road7
1391805016-0,service,3.0,5.0,class,road7
1391805017-0,service,3.0,5.0,class,road7
1391805018-0,service,3.0,5.0,class,road7
1391805019-0,service,3.0,5.0,class,road7
1391805020-0,service,3.0,5.0,class,road7
1391805021-0,service,3.0,5.0,class,road7
1391805022-0,service,3.0,5.0,class,road7
1391805023-0,service,3.0,5.0,class,road7
1391805024-0,service,3.0,5.0,class,road7
1395583616-0,track,3.0,5.0,class,road7
1395583617-0,track,3.0,5.0,class,road7
1395583617-1,track,3.0,5.0,class,road7
1408425356-0,service,3.0,5.0,class,road7
1408425357-0,service,3.0,5.0,class,road7
1408425358-0,service,3.0,5.0,class,road7
1428854603-0,service,3.0,5.0,class,road7
1431800230-0,service,3.0,5.0,class,road7
1436426859-0,service,3.0,5.0,class,road7
1436429855-0,service,3.0,5.0,class,road7
1436429856-0,service,3.0,5.0,class,road7
1436429856-1,service,3.0,5.0,class,road7
1436429857-0,service,3.0,5.0,class,road7
1436429857-1,service,3.0,5.0,class,road7
1436709136-0,track,5.0,5.0,road6,road7
1441619339-0,service,3.0,5.0,class,road7
1441619340-0,service,3.0,5.0,class,road7
1446696820-0,track,2.0,5.0,tag,road7
1454195124-0,track,3.0,5.0,class,road7
1455777473-0,track,3.0,5.0,class,road7
1455783130-0,service,3.0,5.0,class,road7
1466238727-0,track,3.0,5.0,class,road7
1466238728-0,track,3.0,5.0,class,road7
1466247659-0,track,3.0,5.0,class,road7
1466249818-0,track,3.0,5.0,class,road7
1466249819-0,track,3.0,5.0,class,road7
1466249819-1,track,3.0,5.0,class,road7
1466250646-0,track,3.0,5.0,class,road7
1466266630-0,track,3.0,5.0,class,road7
1466775102-0,service,3.0,5.0,class,road7
1466775102-1,service,3.0,5.0,class,road7
1466776308-0,service,3.0,5.0,class,road7
1466776644-0,track,3.0,5.0,tag,road7
1466776644-1,track,3.0,5.0,tag,road7
1466776644-2,track,3.0,5.0,tag,road7
1467607867-0,track,3.0,5.0,class,road7
1467755710-0,track,3.0,5.0,class,road7
1479725450-0,track,3.0,5.0,class,road7
1479799099-0,track,3.0,5.0,class,road7
1481096135-0,track,3.0,5.0,tag,road7
1485536743-0,service,3.0,5.0,class,road7
1485536744-0,service,3.0,5.0,class,road7
1485536744-1,service,3.0,5.0,class,road7
1485536744-2,service,3.0,5.0,class,road7
1485536745-0,service,3.0,5.0,class,road7
1485536746-0,service,3.0,5.0,class,road7
1490225035-0,track,3.0,5.0,class,road7
1495484914-0,service,3.0,5.0,class,road7
1496141332-0,service,3.0,5.0,class,road7
1496141333-0,track,3.0,5.0,class,road7
1496141333-1,track,3.0,5.0,class,road7
1496141334-0,service,3.0,5.0,class,road7
1496153777-0,service,3.0,5.0,class,road7
1496159757-0,service,3.0,5.0,class,road7
1497128681-0,service,3.0,5.0,class,road7
1497869410-0,service,3.0,5.0,class,road7
1497869410-1,service,3.0,5.0,class,road7
1497869410-2,service,3.0,5.0,class,road7
1497869411-0,service,3.0,5.0,class,road7
1497870885-0,service,3.0,5.0,class,road7
1497870886-0,service,3.0,5.0,class,road7
1497874046-1,service,3.0,5.0,class,road7
1497874047-0,service,3.0,5.0,class,road7
1497876186-0,service,3.0,5.0,class,road7
1497876847-0,service,3.0,5.0,class,road7
1497876849-0,track,5.0,5.0,road6,road7
1497877482-0,track,3.0,5.0,tag,road7
1497884204-0,service,3.0,5.0,class,road7
1497884205-0,track,3.0,5.0,tag,road7
1497884205-1,track,3.0,5.0,tag,road7
1497884206-0,track,3.0,5.0,tag,road7
1497884206-1,track,3.0,5.0,tag,road7
1497884206-2,track,3.0,5.0,tag,road7
1497884207-0,track,3.0,5.0,tag,road7
1497884208-0,service,3.0,5.0,class,road7
1497884209-0,track,3.0,5.0,tag,road7
1497884209-1,track,3.0,5.0,tag,road7
1497884209-2,track,3.0,5.0,tag,road7
1497884213-0,service,3.0,5.0,class,road7
1497884213-1,service,3.0,5.0,class,road7
1497884214-0,service,3.0,5.0,class,road7
1497887982-0,track,3.0,5.0,class,road7
1497887983-0,track,3.0,5.0,tag,road7
1497887983-1,track,3.0,5.0,tag,road7
1497887984-0,track,3.0,5.0,tag,road7
1497887985-0,track,3.0,5.0,tag,road7
1497887985-1,track,3.0,5.0,tag,road7
1497887986-0,track,3.0,5.0,tag,road7
1497887987-0,track,3.0,5.0,tag,road7
1497887989-0,service,3.0,5.0,class,road7
1497892688-0,service,3.0,5.0,class,road7
1497892689-0,service,3.0,5.0,class,road7
1497892690-0,service,3.0,5.0,class,road7
1497893545-0,track,3.0,5.0,tag,road7
1497893546-0,track,3.0,5.0,tag,road7
1497893547-0,track,3.0,5.0,tag,road7
1497893548-0,track,3.0,5.0,tag,road7
1497893549-0,track,3.0,5.0,tag,road7
1497893550-0,track,3.0,5.0,class,road7
1497893550-1,track,3.0,5.0,class,road7
1497894588-0,track,3.0,5.0,class,road7
1497894588-1,track,3.0,5.0,class,road7
1497894588-2,track,5.0,5.0,road6,road7
1497894589-0,track,3.0,5.0,tag,road7
1497896120-0,track,3.0,5.0,class,road7
1497896121-0,track,3.0,5.0,tag,road7
1497896122-0,track,3.0,5.0,tag,road7
1497896123-0,track,3.0,5.0,tag,road7
1497897574-0,track,3.0,5.0,tag,road7
1497899150-0,service,3.0,5.0,class,road7
1500254921-0,track,3.0,5.0,class,road7
1500959232-0,track,3.0,5.0,class,road7
1503856123-0,service,3.0,5.0,class,road7
1504009805-1,track,3.0,5.0,class,road7
1504009806-0,track,3.0,5.0,class,road7
1504009807-0,track,3.0,5.0,class,road7
1504009808-0,track,3.0,5.0,class,road7
1504009809-0,track,2.0,5.0,tag,road7
1504009811-0,track,3.0,5.0,tag,road7
1504014682-0,track,5.0,5.0,road6,road7
1504014684-0,track,3.0,5.0,tag,road7
1504014685-0,track,3.0,5.0,tag,road7
1504014687-0,service,3.0,5.0,class,road7
1504014688-0,service,3.0,5.0,class,road7
1504014689-0,service,3.0,5.0,class,road7
1504527570-0,track,3.0,5.0,tag,road7
1510973976-0,track,3.0,5.0,class,road7
1523530257-0,track,3.0,5.0,class,road7
1523535177-0,track,3.0,5.0,class,road7
1523548553-0,service,3.0,5.0,class,road7
1523549952-0,service,3.0,5.0,class,road7
1527813086-0,track,3.0,5.0,tag,road7
1531621462-0,track,3.0,5.0,class,road7
1536282984-0,track,3.0,5.0,tag,road7
1542854221-0,track,3.0,5.0,tag,road7
1548854144-0,track,3.0,5.0,class,road7
1549311960-0,service,3.0,5.0,class,road7
1556748284-0,track,3.0,5.0,tag,road7
159029035-0,service,3.0,5.0,class,road7
159029035-1,service,3.0,5.0,class,road7
159029035-2,service,3.0,5.0,class,road7
159310266-0,service,3.0,5.0,class,road7
159310267-0,service,3.0,5.0,class,road7
159310586-0,service,3.0,5.0,class,road7
162355879-0,track,3.0,5.0,class,road7
167802509-0,track,3.0,5.0,class,road7
167802541-0,track,3.0,5.0,tag,road7
167802541-1,track,3.0,5.0,tag,road7
185273685-0,service,3.0,5.0,class,road7
185273685-1,service,3.0,5.0,class,road7
185273685-2,service,3.0,5.0,class,road7
185273685-3,service,3.0,5.0,class,road7
188831145-0,service,3.0,5.0,class,road7
188831145-1,service,3.0,5.0,class,road7
188831145-2,service,3.0,5.0,class,road7
188831145-3,service,3.0,5.0,class,road7
192222349-0,service,3.0,5.0,class,road7
192222349-1,service,3.0,5.0,class,road7
192222349-2,service,3.0,5.0,class,road7
192222349-3,service,3.0,5.0,class,road7
192222349-4,service,3.0,5.0,class,road7
192222350-0,service,3.0,5.0,class,road7
192222351-0,track,3.0,5.0,class,road7
192222351-1,track,3.0,5.0,class,road7
192222351-2,track,3.0,5.0,class,road7
192222352-0,service,3.0,5.0,class,road7
192222353-0,service,3.0,5.0,class,road7
192222354-0,service,3.0,5.0,class,road7
192222355-0,service,3.0,5.0,class,road7
192222356-0,service,3.0,5.0,class,road7
192222357-0,service,3.0,5.0,class,road7
192222358-0,service,3.0,5.0,class,road7
192222359-0,service,3.0,5.0,class,road7
192222360-0,service,3.0,5.0,class,road7
192222360-1,service,3.0,5.0,class,road7
192222360-2,service,3.0,5.0,class,road7
192222360-3,service,3.0,5.0,class,road7
192222360-4,service,3.0,5.0,class,road7
192222360-5,service,3.0,5.0,class,road7
198509974-0,service,3.0,5.0,class,road7
198509974-1,service,3.0,5.0,class,road7
198509975-0,service,3.0,5.0,class,road7
198509976-0,track,5.0,5.0,road6,road7
198509976-1,track,5.0,5.0,road6,road7
198509977-0,track,5.0,5.0,road6,road7
198509978-0,track,5.0,5.0,road6,road7
198509978-1,track,3.0,5.0,class,road7
198509979-0,service,3.0,5.0,class,road7
209174639-0,service,3.0,5.0,class,road7
209174639-1,service,3.0,5.0,class,road7
218651335-0,track,5.0,5.0,road6,road7
218651335-1,track,3.0,5.0,class,road7
218651336-0,track,5.0,5.0,road6,road7
218651337-0,track,3.0,5.0,class,road7
218651338-0,track,5.0,5.0,road6,road7
218651340-0,track,3.0,5.0,class,road7
218651341-0,track,5.0,5.0,road6,road7
218651342-0,track,5.0,5.0,road6,road7
218651342-1,track,5.0,5.0,road6,road7
218651343-0,track,5.0,5.0,road6,road7
218651343-1,track,5.0,5.0,road6,road7
218651343-2,track,5.0,5.0,road6,road7
218651343-3,track,5.0,5.0,road6,road7
218651344-0,track,5.0,5.0,road6,road7
218651344-1,track,5.0,5.0,road6,road7
222638263-0,service,3.0,5.0,class,road7
222638263-1,service,3.0,5.0,class,road7
222638263-10,service,3.0,5.0,class,road7
222638263-11,service,3.0,5.0,class,road7
222638263-2,service,3.0,5.0,class,road7
222638263-3,service,3.0,5.0,class,road7
222638263-4,service,3.0,5.0,class,road7
222638263-5,service,3.0,5.0,class,road7
222638263-6,service,3.0,5.0,class,road7
222638263-7,service,3.0,5.0,class,road7
222638263-8,service,3.0,5.0,class,road7
222638263-9,service,3.0,5.0,class,road7
222638264-0,service,3.0,5.0,class,road7
222638265-0,service,3.0,5.0,class,road7
222638266-0,service,3.0,5.0,class,road7
222638267-0,service,3.0,5.0,class,road7
222638268-0,service,3.0,5.0,class,road7
222638269-0,service,3.0,5.0,class,road7
222638270-0,service,3.0,5.0,class,road7
222638271-0,service,3.0,5.0,class,road7
222638272-0,service,3.0,5.0,class,road7
222638273-0,service,3.0,5.0,class,road7
222638274-0,service,3.0,5.0,class,road7
222638275-0,service,3.0,5.0,class,road7
222638276-0,service,3.0,5.0,class,road7
222638276-1,service,3.0,5.0,class,road7
222638276-10,service,3.0,5.0,class,road7
222638276-11,service,3.0,5.0,class,road7
222638276-12,service,3.0,5.0,class,road7
222638276-13,service,3.0,5.0,class,road7
222638276-14,service,3.0,5.0,class,road7
222638276-2,service,3.0,5.0,class,road7
222638276-3,service,3.0,5.0,class,road7
222638276-4,service,3.0,5.0,class,road7
222638276-5,service,3.0,5.0,class,road7
222638276-6,service,3.0,5.0,class,road7
222638276-7,service,3.0,5.0,class,road7
222638276-8,service,3.0,5.0,class,road7
222638276-9,service,3.0,5.0,class,road7
222638277-0,service,3.0,5.0,class,road7
222638277-1,service,3.0,5.0,class,road7
222638277-10,service,3.0,5.0,class,road7
222638277-2,service,3.0,5.0,class,road7
222638277-3,service,3.0,5.0,class,road7
222638277-4,service,3.0,5.0,class,road7
222638277-5,service,3.0,5.0,class,road7
222638277-6,service,3.0,5.0,class,road7
222638277-7,service,3.0,5.0,class,road7
222638277-8,service,3.0,5.0,class,road7
222638277-9,service,3.0,5.0,class,road7
222638279-0,service,3.0,5.0,class,road7
222638279-1,service,3.0,5.0,class,road7
222638280-0,service,3.0,5.0,class,road7
222638280-1,service,3.0,5.0,class,road7
222638282-0,service,3.0,5.0,class,road7
222638282-1,service,3.0,5.0,class,road7
222638284-0,service,3.0,5.0,class,road7
222638284-1,service,3.0,5.0,class,road7
222638286-0,service,3.0,5.0,class,road7
222638288-0,service,3.0,5.0,class,road7
222638288-1,service,3.0,5.0,class,road7
222638291-0,track,3.0,5.0,class,road7
222638291-1,track,3.0,5.0,class,road7
222638293-0,service,3.0,5.0,class,road7
222638295-0,service,3.0,5.0,class,road7
222638299-0,service,3.0,5.0,class,road7
222638299-1,service,3.0,5.0,class,road7
222638299-2,service,3.0,5.0,class,road7
222638299-3,service,3.0,5.0,class,road7
222638303-0,service,3.0,5.0,class,road7
222638303-1,service,3.0,5.0,class,road7
222638303-2,service,3.0,5.0,class,road7
222638303-3,service,3.0,5.0,class,road7
222638305-0,service,3.0,5.0,class,road7
222638305-1,service,3.0,5.0,class,road7
222638305-2,service,3.0,5.0,class,road7
222638305-3,service,3.0,5.0,class,road7
222638305-4,service,3.0,5.0,class,road7
222638308-0,service,3.0,5.0,class,road7
222638308-1,service,3.0,5.0,class,road7
222638308-2,service,3.0,5.0,class,road7
222638308-3,service,3.0,5.0,class,road7
222642382-0,service,3.0,5.0,class,road7
222642382-1,service,3.0,5.0,class,road7
222642382-2,service,3.0,5.0,class,road7
222642382-3,service,3.0,5.0,class,road7
222642382-4,service,3.0,5.0,class,road7
222642382-5,service,3.0,5.0,class,road7
222642382-6,service,3.0,5.0,class,road7
222642382-7,service,3.0,5.0,class,road7
222642383-0,service,3.0,5.0,class,road7
222642384-0,service,3.0,5.0,class,road7
222642385-0,service,3.0,5.0,class,road7
222642386-0,service,3.0,5.0,class,road7
222642387-0,service,3.0,5.0,class,road7
222642388-0,service,3.0,5.0,class,road7
222642389-0,service,3.0,5.0,class,road7
222642390-0,service,3.0,5.0,class,road7
222642391-0,service,3.0,5.0,class,road7
222642392-0,service,3.0,5.0,class,road7
222642393-0,service,3.0,5.0,class,road7
222642394-0,service,3.0,5.0,class,road7
222642395-0,service,3.0,5.0,class,road7
222642396-0,service,3.0,5.0,class,road7
222642397-0,service,3.0,5.0,class,road7
222642398-0,service,3.0,5.0,class,road7
222642399-0,service,3.0,5.0,class,road7
222642400-0,service,3.0,5.0,class,road7
222642402-0,service,3.0,5.0,class,road7
222642405-0,service,3.0,5.0,class,road7
222642407-0,service,3.0,5.0,class,road7
222642410-0,service,3.0,5.0,class,road7
222642412-0,service,3.0,5.0,class,road7
222642412-1,service,3.0,5.0,class,road7
222642412-10,service,3.0,5.0,class,road7
222642412-11,service,3.0,5.0,class,road7
222642412-12,service,3.0,5.0,class,road7
222642412-13,service,3.0,5.0,class,road7
222642412-14,service,3.0,5.0,class,road7
222642412-15,service,3.0,5.0,class,road7
222642412-16,service,3.0,5.0,class,road7
222642412-17,service,3.0,5.0,class,road7
222642412-18,service,3.0,5.0,class,road7
222642412-2,service,3.0,5.0,class,road7
222642412-3,service,3.0,5.0,class,road7
222642412-4,service,3.0,5.0,class,road7
222642412-5,service,3.0,5.0,class,road7
222642412-6,service,3.0,5.0,class,road7
222642412-7,service,3.0,5.0,class,road7
222642412-8,service,3.0,5.0,class,road7
222642412-9,service,3.0,5.0,class,road7
222642416-0,service,3.0,5.0,class,road7
222642416-1,service,3.0,5.0,class,road7
222642416-10,service,3.0,5.0,class,road7
222642416-11,service,3.0,5.0,class,road7
222642416-12,service,3.0,5.0,class,road7
222642416-13,service,3.0,5.0,class,road7
222642416-14,service,3.0,5.0,class,road7
222642416-15,service,3.0,5.0,class,road7
222642416-16,service,3.0,5.0,class,road7
222642416-17,service,3.0,5.0,class,road7
222642416-18,service,3.0,5.0,class,road7
222642416-19,service,3.0,5.0,class,road7
222642416-2,service,3.0,5.0,class,road7
222642416-3,service,3.0,5.0,class,road7
222642416-4,service,3.0,5.0,class,road7
222642416-5,service,3.0,5.0,class,road7
222642416-6,service,3.0,5.0,class,road7
222642416-7,service,3.0,5.0,class,road7
222642416-8,service,3.0,5.0,class,road7
222642416-9,service,3.0,5.0,class,road7
222642420-0,service,3.0,5.0,class,road7
222642423-0,service,3.0,5.0,class,road7
222642423-1,service,3.0,5.0,class,road7
222642423-2,service,3.0,5.0,class,road7
222642423-3,service,3.0,5.0,class,road7
222642423-4,service,3.0,5.0,class,road7
222642423-5,service,3.0,5.0,class,road7
222642423-6,service,3.0,5.0,class,road7
223251405-0,service,3.0,5.0,class,road7
223251405-1,service,3.0,5.0,class,road7
223251405-2,service,3.0,5.0,class,road7
223251406-0,service,3.0,5.0,class,road7
223251406-1,service,3.0,5.0,class,road7
223251407-0,service,3.0,5.0,class,road7
223251407-1,service,3.0,5.0,class,road7
223251407-2,service,3.0,5.0,class,road7
223251407-3,service,3.0,5.0,class,road7
223251408-0,service,3.0,5.0,class,road7
223251409-0,service,3.0,5.0,class,road7
223251410-0,service,3.0,5.0,class,road7
223251411-0,service,3.0,5.0,class,road7
223251412-0,service,3.0,5.0,class,road7
223251413-0,service,3.0,5.0,class,road7
223251413-1,service,3.0,5.0,class,road7
223251413-2,service,3.0,5.0,class,road7
223251414-0,service,3.0,5.0,class,road7
223251414-1,service,3.0,5.0,class,road7
223251415-0,service,3.0,5.0,class,road7
223251416-0,service,3.0,5.0,class,road7
223251416-1,service,3.0,5.0,class,road7
223251416-10,service,3.0,5.0,class,road7
223251416-11,service,3.0,5.0,class,road7
223251416-2,service,3.0,5.0,class,road7
223251416-3,service,3.0,5.0,class,road7
223251416-4,service,3.0,5.0,class,road7
223251416-5,service,3.0,5.0,class,road7
223251416-6,service,3.0,5.0,class,road7
223251416-7,service,3.0,5.0,class,road7
223251416-8,service,3.0,5.0,class,road7
223251416-9,service,3.0,5.0,class,road7
223251417-0,service,3.0,5.0,class,road7
223251418-0,service,3.0,5.0,class,road7
223251419-0,service,3.0,5.0,class,road7
223251420-0,service,3.0,5.0,class,road7
223251421-0,service,3.0,5.0,class,road7
223251421-1,service,3.0,5.0,class,road7
223251421-2,service,3.0,5.0,class,road7
223251421-3,service,3.0,5.0,class,road7
223251421-4,service,3.0,5.0,class,road7
223251421-5,service,3.0,5.0,class,road7
223251421-6,service,3.0,5.0,class,road7
223251422-0,service,3.0,5.0,class,road7
223251423-0,service,3.0,5.0,class,road7
223251425-0,service,3.0,5.0,class,road7
223251425-1,service,3.0,5.0,class,road7
223251426-0,service,3.0,5.0,class,road7
223251426-1,service,3.0,5.0,class,road7
223251426-2,service,3.0,5.0,class,road7
223251427-0,service,3.0,5.0,class,road7
223251428-0,service,3.0,5.0,class,road7
223251430-0,service,3.0,5.0,class,road7
223251431-0,service,3.0,5.0,class,road7
223251431-1,service,3.0,5.0,class,road7
223251431-2,service,3.0,5.0,class,road7
223251432-0,service,3.0,5.0,class,road7
223251432-1,service,3.0,5.0,class,road7
223251432-2,service,3.0,5.0,class,road7
223251433-0,service,3.0,5.0,class,road7
223251433-1,service,3.0,5.0,class,road7
223251434-0,service,3.0,5.0,class,road7
223256219-0,service,3.0,5.0,class,road7
223256219-3,service,3.0,5.0,class,road7
223256219-4,service,3.0,5.0,class,road7
223256219-5,service,3.0,5.0,class,road7
223256220-0,service,3.0,5.0,class,road7
223256220-1,service,3.0,5.0,class,road7
223256220-2,service,3.0,5.0,class,road7
223256220-3,service,3.0,5.0,class,road7
223256221-0,service,3.0,5.0,class,road7
223256221-6,service,3.0,5.0,class,road7
223256222-0,service,3.0,5.0,class,road7
223256222-1,service,3.0,5.0,class,road7
223256222-2,service,3.0,5.0,class,road7
223256223-0,service,3.0,5.0,class,road7
223256230-0,service,3.0,5.0,class,road7
223256233-0,service,3.0,5.0,class,road7
223256233-1,service,3.0,5.0,class,road7
22723643-0,service,3.0,5.0,class,road7
22723643-1,service,3.0,5.0,class,road7
22723643-2,service,3.0,5.0,class,road7
22723643-3,service,3.0,5.0,class,road7
22723643-4,service,3.0,5.0,class,road7
22723643-5,service,3.0,5.0,class,road7
232419552-0,track,5.0,5.0,road6,road7
232419646-0,track,5.0,5.0,road6,road7
232419684-0,track,3.0,5.0,class,road7
232419684-1,track,3.0,5.0,class,road7
232419722-0,track,2.0,5.0,tag,road7
232813969-0,track,3.0,5.0,class,road7
233657506-0,service,3.0,5.0,class,road7
233657506-1,service,3.0,5.0,class,road7
233657506-2,service,3.0,5.0,class,road7
233657508-0,service,3.0,5.0,class,road7
233657508-1,service,3.0,5.0,class,road7
233657508-2,service,3.0,5.0,class,road7
233660628-0,service,3.0,5.0,class,road7
233660628-1,service,3.0,5.0,class,road7
233660628-2,service,3.0,5.0,class,road7
233660654-0,service,3.0,5.0,class,road7
234621339-0,track,3.0,5.0,tag,road7
234621342-0,track,3.0,5.0,tag,road7
235828204-1,track,3.0,5.0,class,road7
235828205-1,track,3.0,5.0,tag,road7
235828205-2,track,3.0,5.0,tag,road7
235828205-3,track,3.0,5.0,tag,road7
235828205-4,track,3.0,5.0,tag,road7
235828206-0,track,5.0,5.0,road6,road7
235828206-1,track,3.0,5.0,tag,road7
235828207-0,track,3.0,5.0,tag,road7
235828208-0,track,5.0,5.0,road6,road7
235828208-1,track,5.0,5.0,road6,road7
235828209-0,track,5.0,5.0,road6,road7
235828209-1,track,5.0,5.0,road6,road7
235828209-2,track,5.0,5.0,road6,road7
235828284-0,track,5.0,5.0,road6,road7
235828284-1,track,5.0,5.0,road6,road7
235828284-2,track,3.0,5.0,tag,road7
235829137-0,track,5.0,5.0,road6,road7
235829194-0,track,3.0,5.0,class,road7
235829194-1,track,3.0,5.0,class,road7
235829445-0,track,3.0,5.0,tag,road7
235829445-1,track,5.0,5.0,road6,road7
235829445-2,track,3.0,5.0,tag,road7
235991516-0,track,3.0,5.0,tag,road7
235991518-0,track,3.0,5.0,tag,road7
235991518-1,track,3.0,5.0,tag,road7
235991518-2,track,3.0,5.0,tag,road7
235991518-3,track,3.0,5.0,tag,road7
235992189-0,track,3.0,5.0,tag,road7
235992189-1,track,5.0,5.0,road6,road7
235992190-0,track,5.0,5.0,road6,road7
235992190-1,track,5.0,5.0,road6,road7
235992190-2,track,5.0,5.0,road6,road7
235992190-3,track,3.0,5.0,tag,road7
236086815-0,track,3.0,5.0,class,road7
236086817-0,track,3.0,5.0,class,road7
236086817-1,track,3.0,5.0,class,road7
236086818-0,track,3.0,5.0,class,road7
236086818-1,track,3.0,5.0,class,road7
236086819-0,track,3.0,5.0,class,road7
236086819-1,track,3.0,5.0,class,road7
236086820-0,track,3.0,5.0,class,road7
236092825-0,track,3.0,5.0,class,road7
236092825-1,track,3.0,5.0,class,road7
245204279-0,service,3.0,5.0,class,road7
245204307-0,service,3.0,5.0,class,road7
245204309-0,service,3.0,5.0,class,road7
245204310-0,service,3.0,5.0,class,road7
26543749-0,service,3.0,5.0,class,road7
26606251-2,track,3.0,5.0,class,road7
26606418-0,service,3.0,5.0,class,road7
26606418-1,service,3.0,5.0,class,road7
26606418-2,service,3.0,5.0,class,road7
26606418-3,service,3.0,5.0,class,road7
26606418-4,service,3.0,5.0,class,road7
26779873-0,track,3.0,5.0,class,road7
26779873-1,track,3.0,5.0,class,road7
26780339-0,service,3.0,5.0,class,road7
26780339-1,service,3.0,5.0,class,road7
26780339-2,service,3.0,5.0,class,road7
268087422-0,service,3.0,5.0,class,road7
268087422-1,service,3.0,5.0,class,road7
268087422-2,service,3.0,5.0,class,road7
268087422-3,service,3.0,5.0,class,road7
268087422-4,service,3.0,5.0,class,road7
26956364-0,track,5.0,5.0,road6,road7
26956364-1,track,5.0,5.0,road6,road7
26956364-2,track,3.0,5.0,tag,road7
279819869-0,track,3.0,5.0,class,road7
279819870-0,track,3.0,5.0,class,road7
279819871-0,track,3.0,5.0,class,road7
279819872-0,track,3.0,5.0,class,road7
279819875-0,track,3.0,5.0,class,road7
279819875-1,track,3.0,5.0,class,road7
279819875-2,track,3.0,5.0,class,road7
283726776-0,track,3.0,5.0,tag,road7
288003116-0,track,5.0,5.0,road6,road7
288075148-0,track,2.0,5.0,tag,road7
288075149-0,track,2.0,5.0,tag,road7
288075149-1,track,2.0,5.0,tag,road7
288075149-2,track,2.0,5.0,tag,road7
290824890-0,track,3.0,5.0,tag,road7
290824890-1,track,3.0,5.0,tag,road7
290824890-2,track,3.0,5.0,tag,road7
29175254-0,track,3.0,5.0,tag,road7
29175254-1,track,3.0,5.0,tag,road7
29175254-2,track,5.0,5.0,road6,road7
29175254-3,track,5.0,5.0,road6,road7
293103005-2,track,3.0,5.0,tag,road7
293367697-0,track,3.0,5.0,class,road7
293367698-0,track,3.0,5.0,tag,road7
293367698-1,track,3.0,5.0,tag,road7
293367700-0,track,3.0,5.0,tag,road7
293367705-0,track,3.0,5.0,class,road7
293367707-0,service,3.0,5.0,class,road7
29507051-0,service,3.0,5.0,class,road7
297348691-0,service,3.0,5.0,class,road7
29896068-0,track,3.0,5.0,tag,road7
29896214-0,track,3.0,5.0,class,road7
29896214-1,track,5.0,5.0,road6,road7
29898554-0,track,5.0,5.0,road6,road7
299065689-0,track,5.0,5.0,road6,road7
299065689-1,track,5.0,5.0,road6,road7
299065690-0,track,5.0,5.0,road6,road7
299065691-0,track,5.0,5.0,road6,road7
299065693-0,track,5.0,5.0,road6,road7
299065693-1,track,5.0,5.0,road6,road7
299065694-0,track,5.0,5.0,road6,road7
299065698-0,track,5.0,5.0,road6,road7
301088847-0,service,3.0,5.0,class,road7
304343079-0,service,3.0,5.0,class,road7
304343085-0,service,3.0,5.0,class,road7
304343085-1,service,3.0,5.0,class,road7
304343086-0,service,3.0,5.0,class,road7
304343093-0,service,3.0,5.0,class,road7
304343096-0,service,3.0,5.0,class,road7
304343096-1,service,3.0,5.0,class,road7
304343097-0,service,3.0,5.0,class,road7
304343097-1,service,3.0,5.0,class,road7
304343097-2,service,3.0,5.0,class,road7
304343099-0,service,3.0,5.0,class,road7
304343099-1,service,3.0,5.0,class,road7
31009148-0,service,3.0,5.0,class,road7
31009148-1,service,3.0,5.0,class,road7
31009148-2,service,3.0,5.0,class,road7
31009148-3,service,3.0,5.0,class,road7
31009148-4,service,3.0,5.0,class,road7
31009148-5,service,3.0,5.0,class,road7
31009149-0,service,3.0,5.0,class,road7
31009149-1,service,3.0,5.0,class,road7
31009174-0,service,3.0,5.0,class,road7
31009174-1,service,3.0,5.0,class,road7
31009175-0,service,3.0,5.0,class,road7
31009195-0,service,3.0,5.0,class,road7
31009195-1,service,3.0,5.0,class,road7
31009195-2,service,3.0,5.0,class,road7
31009224-0,track,5.0,5.0,road6,road7
31009224-1,track,5.0,5.0,road6,road7
31009224-2,track,5.0,5.0,road6,road7
31009224-3,track,5.0,5.0,road6,road7
31009224-4,track,5.0,5.0,road6,road7
31009230-0,service,3.0,5.0,class,road7
31009280-0,service,3.0,5.0,class,road7
31009283-0,service,3.0,5.0,class,road7
31010413-0,service,3.0,5.0,class,road7
31010413-1,service,3.0,5.0,class,road7
31010416-0,service,3.0,5.0,class,road7
31010416-1,service,3.0,5.0,class,road7
31010416-2,service,3.0,5.0,class,road7
31010416-3,service,3.0,5.0,class,road7
31010453-0,service,3.0,5.0,class,road7
31010453-1,service,3.0,5.0,class,road7
31010592-0,service,3.0,5.0,class,road7
312470026-0,service,3.0,5.0,class,road7
312470026-1,service,3.0,5.0,class,road7
312470028-0,service,3.0,5.0,class,road7
312470028-1,service,3.0,5.0,class,road7
312470028-2,service,3.0,5.0,class,road7
312470030-0,service,3.0,5.0,class,road7
312474116-0,service,3.0,5.0,class,road7
312474116-1,service,3.0,5.0,class,road7
312474128-0,service,3.0,5.0,class,road7
312474128-1,service,3.0,5.0,class,road7
312474128-2,service,3.0,5.0,class,road7
312474128-3,service,3.0,5.0,class,road7
312474128-4,service,3.0,5.0,class,road7
312474128-5,service,3.0,5.0,class,road7
312474128-6,service,3.0,5.0,class,road7
312474128-7,service,3.0,5.0,class,road7
312474128-8,service,3.0,5.0,class,road7
312474129-0,service,3.0,5.0,class,road7
312476835-0,service,3.0,5.0,class,road7
312490273-0,service,3.0,5.0,class,road7
31317812-0,track,3.0,5.0,class,road7
31317812-1,track,3.0,5.0,class,road7
31317812-2,track,3.0,5.0,class,road7
31317812-3,track,3.0,5.0,class,road7
313991416-0,service,3.0,5.0,class,road7
313991420-0,track,3.0,5.0,class,road7
313991420-1,track,5.0,5.0,road6,road7
313991420-2,track,3.0,5.0,class,road7
313991421-0,track,3.0,5.0,class,road7
313991421-1,track,3.0,5.0,class,road7
313991421-2,track,3.0,5.0,class,road7
313991421-3,track,3.0,5.0,class,road7
313991421-4,track,3.0,5.0,class,road7
313991422-0,track,3.0,5.0,class,road7
313991425-0,track,5.0,5.0,road6,road7
313991425-1,track,5.0,5.0,road6,road7
313991425-2,track,5.0,5.0,road6,road7
313991426-0,track,5.0,5.0,road6,road7
313991426-1,track,5.0,5.0,road6,road7
313991427-0,track,5.0,5.0,road6,road7
314755143-0,track,5.0,5.0,road6,road7
314755146-0,track,5.0,5.0,road6,road7
314755146-1,track,5.0,5.0,road6,road7
314755146-2,track,5.0,5.0,road6,road7
314755147-0,track,5.0,5.0,road6,road7
314755148-0,track,5.0,5.0,road6,road7
314755148-1,track,5.0,5.0,road6,road7
314755151-0,track,5.0,5.0,road6,road7
314755152-0,track,5.0,5.0,road6,road7
314755152-1,track,5.0,5.0,road6,road7
325461448-0,track,3.0,5.0,class,road7
325461451-0,track,3.0,5.0,class,road7
325461455-0,track,3.0,5.0,class,road7
325461455-1,track,3.0,5.0,class,road7
325812639-0,service,3.0,5.0,class,road7
325813597-0,track,5.0,5.0,road6,road7
325813598-0,service,3.0,5.0,class,road7
325813599-0,track,5.0,5.0,road6,road7
325813599-1,track,5.0,5.0,road6,road7
326074026-0,track,3.0,5.0,class,road7
326074027-0,track,2.0,5.0,tag,road7
326074028-0,track,5.0,5.0,road6,road7
326074031-0,service,3.0,5.0,class,road7
32743989-0,service,3.0,5.0,class,road7
32743990-0,service,3.0,5.0,class,road7
32743990-1,service,3.0,5.0,class,road7
32743990-2,service,3.0,5.0,class,road7
32743990-3,service,3.0,5.0,class,road7
32894586-0,service,3.0,5.0,class,road7
32894591-0,service,3.0,5.0,class,road7
32894591-1,service,3.0,5.0,class,road7
32894591-2,service,3.0,5.0,class,road7
32894591-3,service,3.0,5.0,class,road7
32894839-0,service,3.0,5.0,class,road7
32894839-1,service,3.0,5.0,class,road7
32895070-0,service,3.0,5.0,class,road7
32895397-0,service,3.0,5.0,class,road7
32895579-0,service,3.0,5.0,class,road7
32895579-1,service,3.0,5.0,class,road7
32895579-2,service,3.0,5.0,class,road7
33006721-0,service,3.0,5.0,class,road7
33006965-0,service,3.0,5.0,class,road7
33006965-1,service,3.0,5.0,class,road7
33006965-2,service,3.0,5.0,class,road7
33006965-3,service,3.0,5.0,class,road7
33007217-0,service,3.0,5.0,class,road7
33007217-1,service,3.0,5.0,class,road7
33007217-2,service,3.0,5.0,class,road7
33007217-3,service,3.0,5.0,class,road7
33007217-4,service,3.0,5.0,class,road7
33007217-5,service,3.0,5.0,class,road7
33007217-6,service,3.0,5.0,class,road7
342137295-0,track,5.0,5.0,road6,road7
342137295-1,track,5.0,5.0,road6,road7
34261593-0,service,3.0,5.0,class,road7
34261593-1,service,3.0,5.0,class,road7
34261593-2,service,3.0,5.0,class,road7
34289529-0,service,3.0,5.0,class,road7
343703328-0,service,3.0,5.0,class,road7
343703329-0,service,3.0,5.0,class,road7
343703329-1,service,3.0,5.0,class,road7
343703329-2,service,3.0,5.0,class,road7
343703329-3,service,3.0,5.0,class,road7
343703329-4,service,3.0,5.0,class,road7
343703331-0,service,3.0,5.0,class,road7
343703331-1,service,3.0,5.0,class,road7
343707421-0,track,5.0,5.0,road6,road7
343707422-0,track,5.0,5.0,road6,road7
343707423-0,track,5.0,5.0,road6,road7
343707423-1,track,5.0,5.0,road6,road7
343707424-0,track,5.0,5.0,road6,road7
343707938-0,track,3.0,5.0,tag,road7
343707938-1,track,3.0,5.0,tag,road7
343707938-2,track,3.0,5.0,tag,road7
343707938-3,track,3.0,5.0,tag,road7
343707938-4,track,5.0,5.0,road6,road7
34433650-0,service,3.0,5.0,class,road7
34435247-0,service,3.0,5.0,class,road7
34435247-1,service,3.0,5.0,class,road7
34435247-2,service,3.0,5.0,class,road7
34435247-3,service,3.0,5.0,class,road7
34445760-0,service,3.0,5.0,class,road7
34445760-1,service,3.0,5.0,class,road7
34445760-2,service,3.0,5.0,class,road7
352319069-0,track,3.0,5.0,class,road7
354362942-0,service,3.0,5.0,class,road7
354362943-0,service,3.0,5.0,class,road7
354362944-0,service,3.0,5.0,class,road7
354362945-0,service,3.0,5.0,class,road7
354910810-1,track,3.0,5.0,tag,road7
356729556-0,track,3.0,5.0,class,road7
356729556-1,track,5.0,5.0,road6,road7
356729558-0,service,3.0,5.0,class,road7
356729559-0,service,3.0,5.0,class,road7
356729559-1,service,3.0,5.0,class,road7
356729560-0,service,3.0,5.0,class,road7
356729561-0,service,3.0,5.0,class,road7
356729561-1,service,3.0,5.0,class,road7
356729562-0,service,3.0,5.0,class,road7
356729563-0,service,3.0,5.0,class,road7
356729564-0,service,3.0,5.0,class,road7
356729564-1,service,3.0,5.0,class,road7
356729565-0,service,3.0,5.0,class,road7
356729565-1,service,3.0,5.0,class,road7
356729565-2,service,3.0,5.0,class,road7
356729566-0,service,3.0,5.0,class,road7
356729567-0,service,3.0,5.0,class,road7
356729573-0,service,3.0,5.0,class,road7
367825385-0,service,3.0,5.0,class,road7
367825391-0,service,3.0,5.0,class,road7
367982683-0,track,3.0,5.0,class,road7
368195638-0,service,3.0,5.0,class,road7
368349097-0,service,3.0,5.0,class,road7
368349098-0,service,3.0,5.0,class,road7
368451728-0,service,3.0,5.0,class,road7
368451729-0,service,3.0,5.0,class,road7
368465219-0,service,3.0,5.0,class,road7
368465219-1,service,3.0,5.0,class,road7
368465219-2,service,3.0,5.0,class,road7
368465219-3,service,3.0,5.0,class,road7
368465219-4,service,3.0,5.0,class,road7
368465221-0,service,3.0,5.0,class,road7
368465221-1,service,3.0,5.0,class,road7
368465227-0,service,3.0,5.0,class,road7
368465229-0,service,3.0,5.0,class,road7
368465230-0,service,3.0,5.0,class,road7
368465231-0,service,3.0,5.0,class,road7
368465233-0,service,3.0,5.0,class,road7
368607747-0,service,3.0,5.0,class,road7
368607749-0,service,3.0,5.0,class,road7
368607749-1,service,3.0,5.0,class,road7
368607749-2,service,3.0,5.0,class,road7
368607754-0,service,3.0,5.0,class,road7
368607754-1,service,3.0,5.0,class,road7
368607754-2,service,3.0,5.0,class,road7
368607754-3,service,3.0,5.0,class,road7
368607758-0,service,3.0,5.0,class,road7
368634359-0,service,3.0,5.0,class,road7
368949219-0,service,3.0,5.0,class,road7
368949219-1,service,3.0,5.0,class,road7
368949219-2,service,3.0,5.0,class,road7
368949221-0,service,3.0,5.0,class,road7
368949221-1,service,3.0,5.0,class,road7
368949221-2,service,3.0,5.0,class,road7
368949223-0,service,3.0,5.0,class,road7
377340345-0,track,3.0,5.0,class,road7
377340345-1,track,3.0,5.0,class,road7
38901548-0,track,3.0,5.0,class,road7
38901548-1,track,3.0,5.0,class,road7
38901548-2,track,3.0,5.0,class,road7
38901548-3,track,3.0,5.0,class,road7
38901548-4,track,3.0,5.0,class,road7
38901548-5,track,3.0,5.0,class,road7
38901548-6,track,3.0,5.0,class,road7
38901548-7,track,5.0,5.0,road6,road7
393164302-0,service,3.0,5.0,class,road7
395588220-0,service,3.0,5.0,class,road7
395588221-0,service,3.0,5.0,class,road7
39629069-0,track,3.0,5.0,tag,road7
39629069-1,track,3.0,5.0,tag,road7
39629069-2,track,3.0,5.0,tag,road7
39629069-3,track,3.0,5.0,tag,road7
39629069-4,track,3.0,5.0,tag,road7
39629069-5,track,3.0,5.0,tag,road7
39629069-6,track,5.0,5.0,road6,road7
39629069-7,track,5.0,5.0,road6,road7
39679783-0,track,3.0,5.0,tag,road7
39725295-0,track,3.0,5.0,class,road7
39725940-0,track,3.0,5.0,class,road7
39725941-0,track,3.0,5.0,class,road7
39725941-1,track,3.0,5.0,class,road7
39725941-2,track,3.0,5.0,class,road7
39725942-0,track,3.0,5.0,class,road7
39725942-1,track,3.0,5.0,class,road7
39725942-2,track,3.0,5.0,class,road7
39725942-3,track,3.0,5.0,class,road7
39726277-0,track,5.0,5.0,road6,road7
39726277-1,track,5.0,5.0,road6,road7
39726277-2,track,3.0,5.0,tag,road7
39726277-3,track,3.0,5.0,tag,road7
39726277-4,track,3.0,5.0,tag,road7
39726277-5,track,3.0,5.0,tag,road7
40277347-0,track,5.0,5.0,road6,road7
40277347-1,track,5.0,5.0,road6,road7
40277347-2,track,5.0,5.0,road6,road7
40277347-3,track,5.0,5.0,road6,road7
40277347-4,track,5.0,5.0,road6,road7
40277347-5,track,5.0,5.0,road6,road7
409843224-0,track,3.0,5.0,class,road7
41226565-0,service,3.0,5.0,class,road7
41226565-1,service,3.0,5.0,class,road7
41226565-2,service,3.0,5.0,class,road7
41226565-3,service,3.0,5.0,class,road7
41226565-4,service,3.0,5.0,class,road7
41226622-0,service,3.0,5.0,class,road7
41226622-1,service,3.0,5.0,class,road7
41226728-0,service,3.0,5.0,class,road7
41226728-1,service,3.0,5.0,class,road7
41226730-0,service,3.0,5.0,class,road7
41388252-0,service,3.0,5.0,class,road7
41454279-1,track,3.0,5.0,tag,road7
41454279-2,track,5.0,5.0,road6,road7
41454280-0,track,5.0,5.0,road6,road7
41454281-0,track,5.0,5.0,road6,road7
41454281-1,track,5.0,5.0,road6,road7
41454281-2,track,5.0,5.0,road6,road7
41454282-0,track,5.0,5.0,road6,road7
41454283-0,service,3.0,5.0,class,road7
41454284-0,track,5.0,5.0,road6,road7
41454285-0,track,3.0,5.0,tag,road7
41454285-1,track,3.0,5.0,tag,road7
41454285-2,track,3.0,5.0,tag,road7
41454287-0,track,3.0,5.0,class,road7
41454287-1,track,3.0,5.0,class,road7
41454287-2,track,5.0,5.0,road6,road7
41454288-0,track,5.0,5.0,road6,road7
41454290-0,track,5.0,5.0,road6,road7
41454292-0,track,3.0,5.0,class,road7
41454297-0,service,3.0,5.0,class,road7
41454299-0,track,5.0,5.0,road6,road7
41454300-0,track,5.0,5.0,road6,road7
41454317-0,track,3.0,5.0,tag,road7
41454317-1,track,3.0,5.0,tag,road7
41454320-0,track,5.0,5.0,road6,road7
41454323-0,track,2.0,5.0,tag,road7
41454324-0,track,5.0,5.0,road6,road7
41455739-0,track,5.0,5.0,road6,road7
41455743-0,track,5.0,5.0,road6,road7
41455748-0,track,5.0,5.0,road6,road7
41455760-0,track,4.0,5.0,tag,road7
41459258-0,track,5.0,5.0,road6,road7
41459258-1,track,5.0,5.0,road6,road7
41459258-2,track,5.0,5.0,road6,road7
41459260-0,track,5.0,5.0,road6,road7
416661015-0,service,3.0,5.0,class,road7
417393305-0,service,3.0,5.0,class,road7
417393305-1,service,3.0,5.0,class,road7
417393305-2,service,3.0,5.0,class,road7
417393308-0,service,3.0,5.0,class,road7
417393308-1,service,3.0,5.0,class,road7
417393308-2,service,3.0,5.0,class,road7
417393308-3,service,3.0,5.0,class,road7
417393308-4,service,3.0,5.0,class,road7
417393308-5,service,3.0,5.0,class,road7
417393308-6,service,3.0,5.0,class,road7
417393308-7,service,3.0,5.0,class,road7
417393310-0,service,3.0,5.0,class,road7
417393313-0,service,3.0,5.0,class,road7
417393313-1,service,3.0,5.0,class,road7
417393313-2,service,3.0,5.0,class,road7
417393313-3,service,3.0,5.0,class,road7
417393313-4,service,3.0,5.0,class,road7
417393313-5,service,3.0,5.0,class,road7
417393313-6,service,3.0,5.0,class,road7
417393313-7,service,3.0,5.0,class,road7
417393313-8,service,3.0,5.0,class,road7
417393313-9,service,3.0,5.0,class,road7
417393316-0,service,3.0,5.0,class,road7
417393318-0,service,3.0,5.0,class,road7
417393321-0,service,3.0,5.0,class,road7
417393321-1,service,3.0,5.0,class,road7
417393323-0,service,3.0,5.0,class,road7
417393326-0,service,3.0,5.0,class,road7
417393328-0,service,3.0,5.0,class,road7
417393328-1,service,3.0,5.0,class,road7
417393328-2,service,3.0,5.0,class,road7
417393328-3,service,3.0,5.0,class,road7
417393328-4,service,3.0,5.0,class,road7
417393328-5,service,3.0,5.0,class,road7
417393328-6,service,3.0,5.0,class,road7
417393331-0,service,3.0,5.0,class,road7
417393334-0,service,3.0,5.0,class,road7
417393337-0,service,3.0,5.0,class,road7
417393337-1,service,3.0,5.0,class,road7
417393337-2,service,3.0,5.0,class,road7
417393337-3,service,3.0,5.0,class,road7
417393337-4,service,3.0,5.0,class,road7
417393341-0,service,3.0,5.0,class,road7
417393341-1,service,3.0,5.0,class,road7
417393341-2,service,3.0,5.0,class,road7
417393341-3,service,3.0,5.0,class,road7
417393346-0,service,3.0,5.0,class,road7
417393349-0,service,3.0,5.0,class,road7
417393356-0,service,3.0,5.0,class,road7
417393356-1,service,3.0,5.0,class,road7
417393356-2,service,3.0,5.0,class,road7
417393356-3,service,3.0,5.0,class,road7
417393356-4,service,3.0,5.0,class,road7
417393356-5,service,3.0,5.0,class,road7
417393360-0,service,3.0,5.0,class,road7
417393365-0,service,3.0,5.0,class,road7
417393365-1,service,3.0,5.0,class,road7
417393371-0,service,3.0,5.0,class,road7
417393371-1,service,3.0,5.0,class,road7
417393371-2,service,3.0,5.0,class,road7
417393371-3,service,3.0,5.0,class,road7
417399633-0,track,3.0,5.0,class,road7
41795612-0,track,5.0,5.0,road6,road7
41795615-0,track,5.0,5.0,road6,road7
41795617-0,track,5.0,5.0,road6,road7
41795618-0,track,3.0,5.0,tag,road7
41795621-0,track,2.0,5.0,tag,road7
41795621-1,track,2.0,5.0,tag,road7
41795633-0,track,5.0,5.0,road6,road7
41795633-1,track,5.0,5.0,road6,road7
41842486-0,track,3.0,5.0,class,road7
41842486-1,track,3.0,5.0,class,road7
41842486-10,track,3.0,5.0,class,road7
41842486-11,track,3.0,5.0,class,road7
41842486-12,track,3.0,5.0,class,road7
41842486-13,track,5.0,5.0,road6,road7
41842486-2,track,3.0,5.0,class,road7
41842486-3,track,3.0,5.0,class,road7
41842486-4,track,3.0,5.0,class,road7
41842486-5,track,3.0,5.0,class,road7
41842486-6,track,3.0,5.0,class,road7
41842486-7,track,3.0,5.0,class,road7
41842486-8,track,5.0,5.0,road6,road7
41842486-9,track,3.0,5.0,class,road7
420472156-0,track,3.0,5.0,class,road7
420472156-1,track,3.0,5.0,class,road7
420472158-0,track,3.0,5.0,class,road7
420472158-1,track,3.0,5.0,class,road7
420472160-0,track,3.0,5.0,class,road7
420472160-1,track,3.0,5.0,class,road7
420472162-0,track,3.0,5.0,class,road7
420472164-0,track,3.0,5.0,class,road7
420472164-1,track,3.0,5.0,class,road7
420472164-2,track,3.0,5.0,class,road7
420472164-3,track,3.0,5.0,class,road7
420472167-0,track,3.0,5.0,class,road7
420472169-0,track,3.0,5.0,class,road7
420472171-0,track,3.0,5.0,class,road7
420472173-0,track,3.0,5.0,class,road7
420472173-1,track,3.0,5.0,class,road7
420472176-0,track,3.0,5.0,class,road7
420472176-1,track,3.0,5.0,class,road7
420472178-0,track,3.0,5.0,class,road7
420472178-1,track,3.0,5.0,class,road7
420472178-2,track,3.0,5.0,class,road7
420472180-0,track,3.0,5.0,class,road7
420472180-1,track,3.0,5.0,class,road7
420472182-0,track,3.0,5.0,class,road7
420472184-0,track,3.0,5.0,class,road7
420472184-1,track,3.0,5.0,class,road7
420472184-2,track,3.0,5.0,class,road7
420472184-3,track,3.0,5.0,class,road7
420472184-4,track,3.0,5.0,class,road7
420472184-5,track,3.0,5.0,class,road7
420472186-0,track,3.0,5.0,class,road7
420472189-0,track,3.0,5.0,class,road7
420472191-0,track,3.0,5.0,class,road7
420472193-0,track,3.0,5.0,class,road7
420472193-1,track,3.0,5.0,class,road7
420472195-0,track,3.0,5.0,class,road7
420472195-1,track,3.0,5.0,class,road7
420472197-0,track,3.0,5.0,class,road7
420472197-1,track,3.0,5.0,class,road7
420472201-0,track,3.0,5.0,class,road7
420472202-0,track,3.0,5.0,class,road7
420472202-1,track,3.0,5.0,class,road7
420472205-0,track,3.0,5.0,class,road7
420472205-1,track,3.0,5.0,class,road7
420472207-0,track,3.0,5.0,class,road7
420472211-0,track,3.0,5.0,class,road7
420472213-0,track,3.0,5.0,class,road7
420472215-0,track,3.0,5.0,class,road7
420472215-1,track,3.0,5.0,class,road7
420472219-0,track,3.0,5.0,class,road7
420472219-1,track,3.0,5.0,class,road7
420472221-0,track,3.0,5.0,class,road7
420556737-0,track,5.0,5.0,road6,road7
420556737-1,track,3.0,5.0,class,road7
420556737-2,track,3.0,5.0,class,road7
420556737-3,track,3.0,5.0,class,road7
420556738-0,track,3.0,5.0,class,road7
420556739-0,track,5.0,5.0,road6,road7
420556740-0,service,3.0,5.0,class,road7
420556741-0,service,3.0,5.0,class,road7
420556744-0,service,3.0,5.0,class,road7
420556744-1,service,3.0,5.0,class,road7
420556745-0,service,3.0,5.0,class,road7
420556745-1,service,3.0,5.0,class,road7
422015318-0,track,3.0,5.0,class,road7
422015319-0,track,3.0,5.0,class,road7
422015321-0,track,3.0,5.0,class,road7
422015322-0,track,3.0,5.0,class,road7
422015323-0,track,3.0,5.0,class,road7
422015324-0,track,3.0,5.0,class,road7
42201850-0,track,3.0,5.0,class,road7
42201851-0,track,3.0,5.0,tag,road7
42201851-1,track,3.0,5.0,tag,road7
42201851-2,track,3.0,5.0,tag,road7
422688801-0,track,5.0,5.0,road6,road7
422688801-1,track,5.0,5.0,road6,road7
42746353-0,service,3.0,5.0,class,road7
42746353-1,service,3.0,5.0,class,road7
42746353-2,service,3.0,5.0,class,road7
42746353-3,service,3.0,5.0,class,road7
42746353-4,service,3.0,5.0,class,road7
428859478-0,service,3.0,5.0,class,road7
429774866-0,service,3.0,5.0,class,road7
429774866-1,service,3.0,5.0,class,road7
429774866-2,service,3.0,5.0,class,road7
429774867-0,service,3.0,5.0,class,road7
429774867-1,service,3.0,5.0,class,road7
429774867-2,service,3.0,5.0,class,road7
429774867-3,service,3.0,5.0,class,road7
429774867-4,service,3.0,5.0,class,road7
429774867-5,service,3.0,5.0,class,road7
429774869-0,service,3.0,5.0,class,road7
429774872-0,service,3.0,5.0,class,road7
429774879-0,track,2.0,5.0,tag,road7
431429038-0,track,3.0,5.0,class,road7
431429038-1,track,3.0,5.0,class,road7
431429038-2,track,3.0,5.0,class,road7
431429039-0,track,3.0,5.0,class,road7
431429040-0,track,3.0,5.0,class,road7
431429041-0,track,3.0,5.0,class,road7
431429042-0,track,3.0,5.0,class,road7
431429043-0,track,3.0,5.0,class,road7
431429044-0,track,3.0,5.0,class,road7
431429045-0,track,3.0,5.0,class,road7
431429046-0,track,3.0,5.0,class,road7
431429047-0,track,3.0,5.0,class,road7
431429048-0,track,3.0,5.0,class,road7
431429049-0,track,3.0,5.0,class,road7
431429050-0,track,3.0,5.0,class,road7
431429051-0,track,3.0,5.0,class,road7
431429052-0,track,3.0,5.0,class,road7
431429053-0,track,3.0,5.0,class,road7
431429054-0,track,3.0,5.0,class,road7
431429055-0,track,3.0,5.0,class,road7
431429055-1,track,3.0,5.0,class,road7
431429055-2,track,3.0,5.0,class,road7
431429057-0,track,3.0,5.0,class,road7
431429059-0,track,3.0,5.0,class,road7
431429059-1,track,3.0,5.0,class,road7
431429062-0,track,3.0,5.0,class,road7
431429063-0,track,3.0,5.0,class,road7
431429063-1,track,3.0,5.0,class,road7
431429066-0,track,3.0,5.0,class,road7
431429068-0,track,3.0,5.0,class,road7
431429070-0,track,3.0,5.0,class,road7
431429070-1,track,3.0,5.0,class,road7
431429072-0,track,3.0,5.0,class,road7
431429072-1,track,3.0,5.0,class,road7
431429072-2,track,3.0,5.0,class,road7
431429075-0,track,3.0,5.0,class,road7
431429077-0,track,3.0,5.0,class,road7
431429077-1,track,3.0,5.0,class,road7
431429077-2,track,3.0,5.0,class,road7
431429080-0,track,3.0,5.0,class,road7
431429080-1,track,3.0,5.0,class,road7
431429083-0,track,3.0,5.0,class,road7
431429083-1,track,3.0,5.0,class,road7
431429083-2,track,3.0,5.0,class,road7
431429085-0,track,3.0,5.0,class,road7
431429085-1,track,3.0,5.0,class,road7
431429085-2,track,3.0,5.0,class,road7
431429085-3,track,3.0,5.0,class,road7
431429085-4,track,3.0,5.0,class,road7
431429085-5,track,3.0,5.0,class,road7
431429087-0,track,3.0,5.0,class,road7
431429087-1,track,3.0,5.0,class,road7
431429087-2,track,3.0,5.0,class,road7
431429087-3,track,3.0,5.0,class,road7
431429092-0,track,3.0,5.0,class,road7
431429092-1,track,3.0,5.0,class,road7
431429092-2,track,3.0,5.0,class,road7
431429092-3,track,3.0,5.0,class,road7
431429095-0,track,3.0,5.0,class,road7
431429095-1,track,3.0,5.0,class,road7
431429095-2,track,3.0,5.0,class,road7
431429095-3,track,3.0,5.0,class,road7
431526552-0,track,3.0,5.0,class,road7
431526553-0,track,3.0,5.0,class,road7
431526554-0,track,3.0,5.0,class,road7
431526554-1,track,3.0,5.0,class,road7
431526555-0,track,3.0,5.0,class,road7
431526556-0,track,3.0,5.0,class,road7
431526557-0,track,3.0,5.0,class,road7
431526558-0,track,3.0,5.0,class,road7
431526558-1,track,3.0,5.0,class,road7
431526559-0,track,3.0,5.0,class,road7
431526559-1,track,3.0,5.0,class,road7
431526559-2,track,3.0,5.0,class,road7
431526559-3,track,3.0,5.0,class,road7
431526559-4,track,3.0,5.0,class,road7
431526559-5,track,3.0,5.0,class,road7
431526560-0,track,3.0,5.0,class,road7
431546932-0,track,3.0,5.0,class,road7
431546934-0,track,3.0,5.0,class,road7
431546935-0,track,3.0,5.0,class,road7
431546937-0,track,3.0,5.0,class,road7
431546938-0,track,3.0,5.0,class,road7
431546940-0,track,3.0,5.0,class,road7
431817511-0,track,2.0,5.0,tag,road7
43218550-0,service,3.0,5.0,class,road7
43218558-0,service,3.0,5.0,class,road7
43218558-1,service,3.0,5.0,class,road7
437726506-0,track,5.0,5.0,road6,road7
437726506-1,track,3.0,5.0,tag,road7
437726506-2,track,3.0,5.0,tag,road7
437726511-0,track,3.0,5.0,tag,road7
437726511-1,track,3.0,5.0,tag,road7
437726511-2,track,3.0,5.0,tag,road7
437726511-3,track,3.0,5.0,tag,road7
437726522-0,track,3.0,5.0,class,road7
437726524-0,track,5.0,5.0,road6,road7
437726524-1,track,5.0,5.0,road6,road7
437726524-2,track,5.0,5.0,road6,road7
437726525-0,track,3.0,5.0,class,road7
437726525-1,track,5.0,5.0,road6,road7
437726525-2,track,5.0,5.0,road6,road7
437726526-0,track,3.0,5.0,class,road7
437726526-1,track,3.0,5.0,class,road7
437726529-0,service,3.0,5.0,class,road7
437726530-0,service,3.0,5.0,class,road7
437726532-0,track,3.0,5.0,class,road7
437726536-0,track,2.0,5.0,tag,road7
437726538-0,track,3.0,5.0,class,road7
437726539-0,track,5.0,5.0,road6,road7
437726539-1,track,3.0,5.0,class,road7
437726540-0,track,3.0,5.0,class,road7
437726540-1,track,3.0,5.0,class,road7
437726543-0,service,3.0,5.0,class,road7
437726547-0,service,3.0,5.0,class,road7
437726547-1,service,3.0,5.0,class,road7
437726548-0,service,3.0,5.0,class,road7
437726549-0,track,3.0,5.0,class,road7
437726550-0,service,3.0,5.0,class,road7
437726551-0,track,3.0,5.0,tag,road7
437726551-1,track,3.0,5.0,tag,road7
437726552-0,track,3.0,5.0,class,road7
437726553-0,service,3.0,5.0,class,road7
437726553-1,service,3.0,5.0,class,road7
437726555-0,track,3.0,5.0,class,road7
437726559-0,service,3.0,5.0,class,road7
458929456-0,track,3.0,5.0,class,road7
458929457-0,track,3.0,5.0,class,road7
458929459-0,track,3.0,5.0,class,road7
458929460-0,track,3.0,5.0,class,road7
458929461-0,service,3.0,5.0,class,road7
458929461-1,service,3.0,5.0,class,road7
458929462-0,track,3.0,5.0,class,road7
458929462-1,track,3.0,5.0,class,road7
458929463-0,track,3.0,5.0,class,road7
458929463-1,track,3.0,5.0,class,road7
458929464-0,track,3.0,5.0,class,road7
458929465-0,track,3.0,5.0,class,road7
458929466-0,track,3.0,5.0,class,road7
458929467-0,track,3.0,5.0,class,road7
458929468-0,track,3.0,5.0,class,road7
458929468-1,track,3.0,5.0,class,road7
458929469-0,track,3.0,5.0,class,road7
458929469-1,track,3.0,5.0,class,road7
458929469-2,track,3.0,5.0,class,road7
458929469-3,track,3.0,5.0,class,road7
458929470-0,track,3.0,5.0,class,road7
458929470-1,track,3.0,5.0,class,road7
458930319-0,track,3.0,5.0,class,road7
45965804-0,track,3.0,5.0,tag,road7
45965832-0,track,3.0,5.0,tag,road7
45965832-1,track,3.0,5.0,tag,road7
46194336-0,service,3.0,5.0,class,road7
462213500-0,service,3.0,5.0,class,road7
462213500-1,service,3.0,5.0,class,road7
462214881-0,service,3.0,5.0,class,road7
464083619-0,track,5.0,5.0,road6,road7
464504685-0,track,3.0,5.0,tag,road7
464504685-1,track,5.0,5.0,road6,road7
464504685-2,track,5.0,5.0,road6,road7
464504685-3,track,5.0,5.0,road6,road7
464504685-4,track,3.0,5.0,tag,road7
46565307-0,service,3.0,5.0,class,road7
46565307-1,service,3.0,5.0,class,road7
46565307-2,service,3.0,5.0,class,road7
46565307-3,service,3.0,5.0,class,road7
46565307-4,service,3.0,5.0,class,road7
46567816-0,service,3.0,5.0,class,road7
46567816-1,service,3.0,5.0,class,road7
46567816-2,service,3.0,5.0,class,road7
46567816-3,service,3.0,5.0,class,road7
46567820-0,track,3.0,5.0,class,road7
46567829-0,service,3.0,5.0,class,road7
46567829-1,service,3.0,5.0,class,road7
46569938-0,track,3.0,5.0,class,road7
46569938-1,track,3.0,5.0,class,road7
46569938-2,track,3.0,5.0,class,road7
46569938-3,track,3.0,5.0,class,road7
46569938-4,track,3.0,5.0,class,road7
46569938-5,track,3.0,5.0,class,road7
469993131-0,track,3.0,5.0,class,road7
469993131-1,track,3.0,5.0,class,road7
469993131-2,track,3.0,5.0,class,road7
47494185-0,track,5.0,5.0,road6,road7
484767448-0,track,5.0,5.0,road6,road7
484767448-1,track,5.0,5.0,road6,road7
484767449-0,track,5.0,5.0,road6,road7
507849420-0,track,3.0,5.0,class,road7
507849422-0,track,3.0,5.0,tag,road7
507849424-0,track,3.0,5.0,tag,road7
507849424-1,track,3.0,5.0,tag,road7
507849425-0,track,3.0,5.0,tag,road7
507849425-1,track,3.0,5.0,tag,road7
507849425-2,track,3.0,5.0,tag,road7
507849425-3,track,3.0,5.0,tag,road7
507849425-4,track,3.0,5.0,tag,road7
507849425-5,track,3.0,5.0,tag,road7
507849426-0,track,3.0,5.0,class,road7
52104772-0,track,3.0,5.0,tag,road7
52104772-1,track,3.0,5.0,tag,road7
52104916-0,track,3.0,5.0,tag,road7
52104916-1,track,3.0,5.0,tag,road7
52104916-2,track,3.0,5.0,tag,road7
52104916-3,track,3.0,5.0,tag,road7
52104916-4,track,3.0,5.0,tag,road7
52774601-1,track,3.0,5.0,class,road7
52774601-2,track,3.0,5.0,class,road7
52774601-3,track,3.0,5.0,class,road7
549430972-0,track,3.0,5.0,tag,road7
549430972-1,track,5.0,5.0,road6,road7
55347261-0,track,3.0,5.0,class,road7
55347261-1,track,3.0,5.0,class,road7
55347261-2,track,3.0,5.0,class,road7
55347261-3,track,3.0,5.0,class,road7
55347261-4,track,3.0,5.0,class,road7
58281657-0,track,3.0,5.0,tag,road7
58717559-0,track,3.0,5.0,class,road7
58717559-1,track,3.0,5.0,class,road7
58717559-2,track,3.0,5.0,class,road7
58717559-3,track,3.0,5.0,class,road7
58717559-4,track,3.0,5.0,class,road7
588183977-0,track,3.0,5.0,class,road7
588183978-0,track,3.0,5.0,class,road7
588183978-1,track,3.0,5.0,class,road7
588183979-0,service,3.0,5.0,class,road7
588183979-1,service,3.0,5.0,class,road7
588183979-2,service,3.0,5.0,class,road7
599750722-0,track,3.0,5.0,class,road7
599750722-1,track,3.0,5.0,class,road7
599750737-0,track,3.0,5.0,class,road7
601094432-0,track,3.0,5.0,class,road7
601094433-0,track,3.0,5.0,class,road7
601094433-1,track,3.0,5.0,class,road7
601094434-0,track,3.0,5.0,class,road7
601094435-0,track,3.0,5.0,class,road7
601094436-0,track,3.0,5.0,class,road7
601094437-0,track,3.0,5.0,class,road7
601095993-0,track,3.0,5.0,class,road7
601095999-0,track,3.0,5.0,class,road7
602094843-0,track,5.0,5.0,road6,road7
602094846-0,track,3.0,5.0,class,road7
602094850-0,track,3.0,5.0,class,road7
602094854-0,track,3.0,5.0,class,road7
602094857-0,track,3.0,5.0,class,road7
602094861-0,track,3.0,5.0,class,road7
604147124-0,track,3.0,5.0,tag,road7
612129195-0,track,3.0,5.0,class,road7
612129196-0,track,3.0,5.0,class,road7
612129197-0,track,3.0,5.0,class,road7
612129197-1,track,3.0,5.0,class,road7
612129197-2,track,3.0,5.0,class,road7
612129197-3,track,3.0,5.0,class,road7
612129197-4,track,3.0,5.0,class,road7
612129197-5,track,3.0,5.0,class,road7
612129198-0,track,3.0,5.0,class,road7
612129642-0,track,3.0,5.0,class,road7
612129643-0,track,3.0,5.0,class,road7
612129644-0,track,3.0,5.0,class,road7
612131148-0,track,3.0,5.0,class,road7
612131148-1,track,3.0,5.0,class,road7
612131150-0,track,3.0,5.0,class,road7
612131151-0,track,5.0,5.0,road6,road7
612131151-1,track,3.0,5.0,class,road7
612131152-0,track,5.0,5.0,road6,road7
612634087-0,track,5.0,5.0,road6,road7
632117218-0,track,3.0,5.0,tag,road7
632117219-0,track,3.0,5.0,class,road7
632117219-1,track,3.0,5.0,class,road7
632117219-2,track,3.0,5.0,class,road7
64004273-0,track,5.0,5.0,road6,road7
64004274-0,track,5.0,5.0,road6,road7
64004277-0,track,3.0,5.0,class,road7
64004277-1,track,3.0,5.0,class,road7
64004277-2,track,5.0,5.0,road6,road7
64004277-3,track,5.0,5.0,road6,road7
64004277-4,track,5.0,5.0,road6,road7
64004277-5,track,5.0,5.0,road6,road7
64004277-6,track,5.0,5.0,road6,road7
64004277-7,track,5.0,5.0,road6,road7
64004277-8,track,5.0,5.0,road6,road7
68276567-0,service,3.0,5.0,class,road7
68276567-1,service,3.0,5.0,class,road7
68276567-2,service,3.0,5.0,class,road7
68276567-3,service,3.0,5.0,class,road7
68276602-0,service,3.0,5.0,class,road7
683006911-0,track,5.0,5.0,road6,road7
683134845-0,track,5.0,5.0,road6,road7
683289887-0,service,3.0,5.0,class,road7
683289898-0,track,5.0,5.0,road6,road7
683289899-0,track,5.0,5.0,road6,road7
683296920-0,service,3.0,5.0,class,road7
683404379-0,track,3.0,5.0,tag,road7
683404379-1,track,3.0,5.0,tag,road7
683404379-2,track,3.0,5.0,tag,road7
683760602-0,track,3.0,5.0,tag,road7
683769139-0,service,3.0,5.0,class,road7
683771908-0,track,3.0,5.0,class,road7
683778903-0,track,3.0,5.0,tag,road7
683778906-0,track,3.0,5.0,class,road7
683849892-0,track,3.0,5.0,class,road7
683849893-0,track,3.0,5.0,class,road7
683849894-0,track,3.0,5.0,class,road7
683849894-1,track,3.0,5.0,class,road7
683849894-2,track,3.0,5.0,class,road7
683849895-0,track,3.0,5.0,class,road7
683855952-0,track,3.0,5.0,class,road7
683855952-1,track,3.0,5.0,class,road7
683855952-2,track,3.0,5.0,class,road7
683855952-3,track,3.0,5.0,class,road7
683855952-4,track,3.0,5.0,class,road7
683869729-0,track,3.0,5.0,tag,road7
683869737-0,track,3.0,5.0,class,road7
683869738-0,track,3.0,5.0,tag,road7
684087028-0,track,3.0,5.0,tag,road7
684087028-1,track,3.0,5.0,tag,road7
690477035-0,service,3.0,5.0,class,road7
690821093-0,service,3.0,5.0,class,road7
690821093-1,service,3.0,5.0,class,road7
690821093-2,service,3.0,5.0,class,road7
690821093-3,service,3.0,5.0,class,road7
690821093-4,service,3.0,5.0,class,road7
690821093-5,service,3.0,5.0,class,road7
690821093-6,service,3.0,5.0,class,road7
690821094-0,service,3.0,5.0,class,road7
690821094-1,service,3.0,5.0,class,road7
690821095-0,service,3.0,5.0,class,road7
690821095-1,service,3.0,5.0,class,road7
690821095-2,service,3.0,5.0,class,road7
690821095-3,service,3.0,5.0,class,road7
690821095-4,service,3.0,5.0,class,road7
690821095-5,service,3.0,5.0,class,road7
690821095-6,service,3.0,5.0,class,road7
690821096-0,service,3.0,5.0,class,road7
690821097-0,service,3.0,5.0,class,road7
690821098-0,service,3.0,5.0,class,road7
690821099-0,service,3.0,5.0,class,road7
690821100-0,service,3.0,5.0,class,road7
690822171-0,service,3.0,5.0,class,road7
690822172-0,service,3.0,5.0,class,road7
690822173-0,service,3.0,5.0,class,road7
690822174-0,service,3.0,5.0,class,road7
690822174-1,service,3.0,5.0,class,road7
690822174-2,service,3.0,5.0,class,road7
690822175-0,service,3.0,5.0,class,road7
690822177-0,service,3.0,5.0,class,road7
690822177-1,service,3.0,5.0,class,road7
690822178-0,service,3.0,5.0,class,road7
690822178-1,service,3.0,5.0,class,road7
690822178-2,service,3.0,5.0,class,road7
690822179-0,service,3.0,5.0,class,road7
690822180-0,service,3.0,5.0,class,road7
690822181-0,service,3.0,5.0,class,road7
690822182-0,service,3.0,5.0,class,road7
690822182-1,service,3.0,5.0,class,road7
690822186-0,service,3.0,5.0,class,road7
690822188-0,service,3.0,5.0,class,road7
690822188-1,service,3.0,5.0,class,road7
690822188-2,service,3.0,5.0,class,road7
690822188-3,service,3.0,5.0,class,road7
690822190-0,service,3.0,5.0,class,road7
690822191-0,service,3.0,5.0,class,road7
690822191-1,service,3.0,5.0,class,road7
690822191-2,service,3.0,5.0,class,road7
690822191-3,service,3.0,5.0,class,road7
690822191-4,service,3.0,5.0,class,road7
690822191-5,service,3.0,5.0,class,road7
690822191-6,service,3.0,5.0,class,road7
690822191-7,service,3.0,5.0,class,road7
690822191-8,service,3.0,5.0,class,road7
690822191-9,service,3.0,5.0,class,road7
690822193-0,service,3.0,5.0,class,road7
690822194-0,service,3.0,5.0,class,road7
690822196-0,service,3.0,5.0,class,road7
690822196-1,service,3.0,5.0,class,road7
690822197-0,service,3.0,5.0,class,road7
690822197-1,service,3.0,5.0,class,road7
690822197-2,service,3.0,5.0,class,road7
690822198-0,service,3.0,5.0,class,road7
690822198-1,service,3.0,5.0,class,road7
690822199-0,service,3.0,5.0,class,road7
690822201-0,service,3.0,5.0,class,road7
690822202-0,service,3.0,5.0,class,road7
690822203-0,service,3.0,5.0,class,road7
690822205-0,service,3.0,5.0,class,road7
690822206-0,service,3.0,5.0,class,road7
690822207-0,service,3.0,5.0,class,road7
690822208-0,service,3.0,5.0,class,road7
690822208-1,service,3.0,5.0,class,road7
690822208-2,service,3.0,5.0,class,road7
690822208-3,service,3.0,5.0,class,road7
690822208-4,service,3.0,5.0,class,road7
690822208-5,service,3.0,5.0,class,road7
690822208-6,service,3.0,5.0,class,road7
690822208-7,service,3.0,5.0,class,road7
690822209-0,service,3.0,5.0,class,road7
690822210-0,service,3.0,5.0,class,road7
690822211-0,service,3.0,5.0,class,road7
690822212-0,service,3.0,5.0,class,road7
690822213-0,service,3.0,5.0,class,road7
690822213-1,service,3.0,5.0,class,road7
690822214-0,service,3.0,5.0,class,road7
690822214-1,service,3.0,5.0,class,road7
690822215-0,service,3.0,5.0,class,road7
690822216-0,service,3.0,5.0,class,road7
690822216-1,service,3.0,5.0,class,road7
690822216-2,service,3.0,5.0,class,road7
690822216-3,service,3.0,5.0,class,road7
690822216-4,service,3.0,5.0,class,road7
690822216-5,service,3.0,5.0,class,road7
690822216-6,service,3.0,5.0,class,road7
690822216-7,service,3.0,5.0,class,road7
690822216-8,service,3.0,5.0,class,road7
690822217-0,service,3.0,5.0,class,road7
690822218-0,service,3.0,5.0,class,road7
690822219-0,service,3.0,5.0,class,road7
690822219-1,service,3.0,5.0,class,road7
690822219-2,service,3.0,5.0,class,road7
690822219-3,service,3.0,5.0,class,road7
690822219-4,service,3.0,5.0,class,road7
690822220-0,service,3.0,5.0,class,road7
690822221-0,service,3.0,5.0,class,road7
690822222-0,service,3.0,5.0,class,road7
690822223-0,service,3.0,5.0,class,road7
690822224-0,service,3.0,5.0,class,road7
690822225-0,service,3.0,5.0,class,road7
691823976-0,service,3.0,5.0,class,road7
691823976-1,service,3.0,5.0,class,road7
691823977-0,service,3.0,5.0,class,road7
691823978-0,service,3.0,5.0,class,road7
691823978-1,service,3.0,5.0,class,road7
691823979-0,service,3.0,5.0,class,road7
691823979-1,service,3.0,5.0,class,road7
691823980-0,service,3.0,5.0,class,road7
691823980-1,service,3.0,5.0,class,road7
691823980-2,service,3.0,5.0,class,road7
691823981-0,service,3.0,5.0,class,road7
691823981-1,service,3.0,5.0,class,road7
691823982-0,service,3.0,5.0,class,road7
691823982-1,service,3.0,5.0,class,road7
691823982-2,service,3.0,5.0,class,road7
691823983-0,service,3.0,5.0,class,road7
691823983-1,service,3.0,5.0,class,road7
691823983-2,service,3.0,5.0,class,road7
691823983-3,service,3.0,5.0,class,road7
691823983-4,service,3.0,5.0,class,road7
691823983-5,service,3.0,5.0,class,road7
691823983-6,service,3.0,5.0,class,road7
691823983-7,service,3.0,5.0,class,road7
691823983-8,service,3.0,5.0,class,road7
691823984-0,service,3.0,5.0,class,road7
691823985-0,service,3.0,5.0,class,road7
691823986-0,service,3.0,5.0,class,road7
691823987-0,service,3.0,5.0,class,road7
691823988-0,service,3.0,5.0,class,road7
691823989-0,service,3.0,5.0,class,road7
691823990-0,service,3.0,5.0,class,road7
691823991-0,service,3.0,5.0,class,road7
691823991-1,service,3.0,5.0,class,road7
691823991-2,service,3.0,5.0,class,road7
691823991-3,service,3.0,5.0,class,road7
691823991-4,service,3.0,5.0,class,road7
691823991-5,service,3.0,5.0,class,road7
691823992-0,service,3.0,5.0,class,road7
691823992-1,service,3.0,5.0,class,road7
691823992-2,service,3.0,5.0,class,road7
696034553-0,service,3.0,5.0,class,road7
696034553-1,service,3.0,5.0,class,road7
696034553-2,service,3.0,5.0,class,road7
696034553-3,service,3.0,5.0,class,road7
696034555-0,service,3.0,5.0,class,road7
696037677-0,service,3.0,5.0,class,road7
696037677-1,service,3.0,5.0,class,road7
696037677-2,service,3.0,5.0,class,road7
696037677-3,service,3.0,5.0,class,road7
696037677-4,service,3.0,5.0,class,road7
696037677-5,service,3.0,5.0,class,road7
696037678-0,service,3.0,5.0,class,road7
696037678-1,service,3.0,5.0,class,road7
696037679-0,service,3.0,5.0,class,road7
696037679-1,service,3.0,5.0,class,road7
696037680-0,service,3.0,5.0,class,road7
696037680-1,service,3.0,5.0,class,road7
696037681-0,service,3.0,5.0,class,road7
696037682-0,service,3.0,5.0,class,road7
696037683-0,service,3.0,5.0,class,road7
696037683-1,service,3.0,5.0,class,road7
696037684-0,service,3.0,5.0,class,road7
696037685-0,service,3.0,5.0,class,road7
696037686-0,service,3.0,5.0,class,road7
696037687-0,service,3.0,5.0,class,road7
696037688-0,service,3.0,5.0,class,road7
696037693-0,service,3.0,5.0,class,road7
696037693-1,service,3.0,5.0,class,road7
696037694-0,service,3.0,5.0,class,road7
696037695-0,service,3.0,5.0,class,road7
696037699-0,service,3.0,5.0,class,road7
696037703-0,service,3.0,5.0,class,road7
696037704-0,service,3.0,5.0,class,road7
696037705-0,service,3.0,5.0,class,road7
696037706-0,service,3.0,5.0,class,road7
696037708-0,service,3.0,5.0,class,road7
696037709-0,service,3.0,5.0,class,road7
696037710-0,service,3.0,5.0,class,road7
696037713-0,service,3.0,5.0,class,road7
696037715-0,service,3.0,5.0,class,road7
696037719-0,service,3.0,5.0,class,road7
696037720-0,service,3.0,5.0,class,road7
696037722-0,service,3.0,5.0,class,road7
696037723-0,service,3.0,5.0,class,road7
696037724-0,service,3.0,5.0,class,road7
696630804-0,track,5.0,5.0,road6,road7
696630805-0,service,3.0,5.0,class,road7
696630805-1,service,3.0,5.0,class,road7
699245725-0,track,3.0,5.0,class,road7
699245725-1,track,3.0,5.0,class,road7
699245726-0,track,3.0,5.0,class,road7
699245727-0,track,3.0,5.0,class,road7
699245728-0,track,3.0,5.0,class,road7
699245729-0,track,3.0,5.0,class,road7
699245733-0,track,5.0,5.0,road6,road7
699245734-0,track,5.0,5.0,road6,road7
699245735-0,track,5.0,5.0,road6,road7
699245736-0,track,5.0,5.0,road6,road7
699245737-0,track,3.0,5.0,class,road7
699258488-0,track,5.0,5.0,road6,road7
699258489-0,track,5.0,5.0,road6,road7
699258490-0,track,5.0,5.0,road6,road7
699258490-1,track,5.0,5.0,road6,road7
699258491-0,track,3.0,5.0,class,road7
699258492-0,track,3.0,5.0,class,road7
699258496-0,track,2.0,5.0,tag,road7
699258496-1,track,2.0,5.0,tag,road7
699258496-2,track,2.0,5.0,tag,road7
699258499-0,track,5.0,5.0,road6,road7
699258500-0,track,5.0,5.0,road6,road7
699258501-0,track,5.0,5.0,road6,road7
699258501-1,track,3.0,5.0,class,road7
699258502-0,track,3.0,5.0,class,road7
699258502-1,track,3.0,5.0,class,road7
699258503-0,track,3.0,5.0,class,road7
699258504-1,track,3.0,5.0,tag,road7
699258505-0,track,3.0,5.0,tag,road7
699259502-0,track,3.0,5.0,class,road7
699271312-1,track,3.0,5.0,class,road7
699271313-0,track,3.0,5.0,class,road7
699271314-0,track,3.0,5.0,class,road7
699271314-1,track,3.0,5.0,class,road7
699271315-0,track,3.0,5.0,class,road7
699271316-0,track,3.0,5.0,class,road7
699271316-1,track,3.0,5.0,class,road7
699273914-0,track,5.0,5.0,road6,road7
699273917-0,service,3.0,5.0,class,road7
699273918-0,service,3.0,5.0,class,road7
699273919-0,track,2.0,5.0,tag,road7
699273919-1,track,2.0,5.0,tag,road7
699273920-0,track,5.0,5.0,road6,road7
699273923-0,track,3.0,5.0,class,road7
699273923-1,track,3.0,5.0,class,road7
699273924-0,track,2.0,5.0,tag,road7
699273925-0,track,2.0,5.0,tag,road7
699283191-0,track,3.0,5.0,tag,road7
699283192-0,track,2.0,5.0,tag,road7
699283193-0,track,3.0,5.0,tag,road7
699283193-1,track,3.0,5.0,tag,road7
699283195-0,track,5.0,5.0,road6,road7
699283196-0,track,3.0,5.0,class,road7
699283197-0,track,3.0,5.0,tag,road7
699283198-0,track,3.0,5.0,class,road7
699283198-1,track,3.0,5.0,class,road7
699283199-0,track,3.0,5.0,tag,road7
699283199-1,track,3.0,5.0,tag,road7
699283200-0,track,5.0,5.0,road6,road7
699283200-1,track,5.0,5.0,road6,road7
699283200-2,track,5.0,5.0,road6,road7
699283201-0,track,5.0,5.0,road6,road7
699283202-0,track,3.0,5.0,class,road7
699283203-0,track,3.0,5.0,class,road7
699283208-0,track,3.0,5.0,class,road7
699283208-1,track,3.0,5.0,class,road7
699283211-0,track,3.0,5.0,class,road7
699283212-0,track,3.0,5.0,class,road7
699283212-1,track,3.0,5.0,class,road7
699283213-0,track,3.0,5.0,class,road7
699283214-0,track,3.0,5.0,class,road7
699283215-0,track,3.0,5.0,class,road7
699283215-1,track,5.0,5.0,road6,road7
699283216-0,track,5.0,5.0,road6,road7
699283217-0,track,5.0,5.0,road6,road7
699283217-1,track,5.0,5.0,road6,road7
699283218-0,track,3.0,5.0,class,road7
704620380-0,service,3.0,5.0,class,road7
704620382-0,track,3.0,5.0,tag,road7
707609222-0,track,3.0,5.0,class,road7
707609223-0,track,3.0,5.0,class,road7
708593012-0,track,3.0,5.0,class,road7
708593015-0,service,3.0,5.0,class,road7
708593015-1,service,3.0,5.0,class,road7
708593016-0,service,3.0,5.0,class,road7
715892633-0,track,3.0,5.0,class,road7
722270883-0,service,3.0,5.0,class,road7
729755964-0,service,3.0,5.0,class,road7
729755966-0,track,3.0,5.0,class,road7
73203905-0,service,3.0,5.0,class,road7
73203940-0,service,3.0,5.0,class,road7
73203945-0,service,3.0,5.0,class,road7
740016221-0,service,3.0,5.0,class,road7
74170954-0,track,3.0,5.0,class,road7
74171722-0,service,3.0,5.0,class,road7
760254442-0,service,3.0,5.0,class,road7
760254442-1,service,3.0,5.0,class,road7
760254442-2,service,3.0,5.0,class,road7
760254442-3,service,3.0,5.0,class,road7
760254442-4,service,3.0,5.0,class,road7
760254442-5,service,3.0,5.0,class,road7
760254442-6,service,3.0,5.0,class,road7
760254443-0,service,3.0,5.0,class,road7
760254443-1,service,3.0,5.0,class,road7
760254444-0,service,3.0,5.0,class,road7
760254444-1,service,3.0,5.0,class,road7
760254445-0,service,3.0,5.0,class,road7
760254445-1,service,3.0,5.0,class,road7
760254446-0,service,3.0,5.0,class,road7
760254446-1,service,3.0,5.0,class,road7
760254447-0,service,3.0,5.0,class,road7
760254447-1,service,3.0,5.0,class,road7
760254448-0,service,3.0,5.0,class,road7
760254448-1,service,3.0,5.0,class,road7
760254449-0,service,3.0,5.0,class,road7
760254449-1,service,3.0,5.0,class,road7
760254449-2,service,3.0,5.0,class,road7
760254449-3,service,3.0,5.0,class,road7
760254449-4,service,3.0,5.0,class,road7
760254449-5,service,3.0,5.0,class,road7
760254449-6,service,3.0,5.0,class,road7
760254450-0,service,3.0,5.0,class,road7
760254450-1,service,3.0,5.0,class,road7
760254451-0,service,3.0,5.0,class,road7
760254452-0,service,3.0,5.0,class,road7
760254452-1,service,3.0,5.0,class,road7
760254453-0,service,3.0,5.0,class,road7
760254454-0,service,3.0,5.0,class,road7
760254455-0,service,3.0,5.0,class,road7
760254456-0,service,3.0,5.0,class,road7
760254456-1,service,3.0,5.0,class,road7
760254457-0,service,3.0,5.0,class,road7
760254458-0,service,3.0,5.0,class,road7
760254458-1,service,3.0,5.0,class,road7
760254458-2,service,3.0,5.0,class,road7
760254458-3,service,3.0,5.0,class,road7
769107217-0,service,3.0,5.0,class,road7
769107217-1,service,3.0,5.0,class,road7
769107219-0,service,3.0,5.0,class,road7
769107219-1,service,3.0,5.0,class,road7
769107219-2,service,3.0,5.0,class,road7
769107220-0,service,3.0,5.0,class,road7
769107220-1,service,3.0,5.0,class,road7
78320588-0,track,3.0,5.0,class,road7
78320588-1,track,3.0,5.0,class,road7
78320588-2,track,3.0,5.0,class,road7
78501083-0,track,3.0,5.0,class,road7
78501083-1,track,3.0,5.0,class,road7
790945812-0,service,3.0,5.0,class,road7
790945813-0,service,3.0,5.0,class,road7
790945813-1,service,3.0,5.0,class,road7
794354174-0,service,3.0,5.0,class,road7
809468115-0,service,3.0,5.0,class,road7
809468116-0,service,3.0,5.0,class,road7
809468116-1,service,3.0,5.0,class,road7
818699684-0,track,3.0,5.0,class,road7
818699685-0,track,3.0,5.0,class,road7
818699847-0,service,3.0,5.0,class,road7
825783968-0,track,3.0,5.0,tag,road7
825816090-0,track,3.0,5.0,class,road7
825819245-0,track,5.0,5.0,road6,road7
825826896-0,track,2.0,5.0,tag,road7
825826896-1,track,2.0,5.0,tag,road7
826430441-0,track,2.0,5.0,tag,road7
826431932-0,track,2.0,5.0,tag,road7
826470876-0,track,3.0,5.0,tag,road7
826470876-1,track,3.0,5.0,tag,road7
826470877-0,track,1.5,5.0,tag,road7
826470877-1,track,1.5,5.0,tag,road7
826470877-2,track,1.5,5.0,tag,road7
826470883-2,track,2.0,5.0,tag,road7
826470883-3,track,2.0,5.0,tag,road7
826478001-0,track,2.0,5.0,tag,road7
826478002-0,track,3.0,5.0,tag,road7
826478002-1,track,3.0,5.0,tag,road7
826478003-0,track,2.0,5.0,tag,road7
826478004-0,track,2.0,5.0,tag,road7
826478005-0,track,3.0,5.0,tag,road7
826478005-1,track,3.0,5.0,tag,road7
826478005-2,track,3.0,5.0,tag,road7
826478005-3,track,3.0,5.0,tag,road7
826478006-0,service,3.0,5.0,class,road7
826478008-0,track,2.0,5.0,tag,road7
826479418-0,track,3.0,5.0,tag,road7
826479419-0,track,3.0,5.0,tag,road7
826479419-1,track,3.0,5.0,tag,road7
826479420-0,track,2.0,5.0,tag,road7
826479420-1,track,2.0,5.0,tag,road7
826487830-0,service,3.0,5.0,tag,road7
826487830-1,service,3.0,5.0,tag,road7
826487830-2,service,3.0,5.0,tag,road7
826487830-3,service,3.0,5.0,tag,road7
826487831-0,track,3.0,5.0,tag,road7
826487831-1,track,3.0,5.0,tag,road7
826487832-0,track,3.0,5.0,tag,road7
826487833-0,track,3.0,5.0,tag,road7
826487833-1,track,3.0,5.0,tag,road7
826487834-0,track,3.0,5.0,tag,road7
826537064-0,track,2.0,5.0,tag,road7
827046269-0,track,2.0,5.0,tag,road7
827050784-0,service,3.0,5.0,class,road7
827050784-1,service,3.0,5.0,class,road7
827050784-2,service,3.0,5.0,class,road7
827050785-0,service,3.0,5.0,class,road7
827050786-0,service,3.0,5.0,class,road7
827050786-1,service,3.0,5.0,class,road7
827050786-2,service,3.0,5.0,class,road7
827050788-0,service,3.0,5.0,class,road7
827051169-0,service,3.0,5.0,class,road7
827623902-0,track,3.0,5.0,tag,road7
827623902-1,track,3.0,5.0,tag,road7
827623902-2,track,3.0,5.0,tag,road7
827623903-0,track,3.0,5.0,class,road7
827623904-0,track,3.0,5.0,class,road7
827623905-0,track,3.0,5.0,tag,road7
827648309-0,track,3.0,5.0,tag,road7
827648309-1,track,3.0,5.0,tag,road7
827648310-0,track,3.0,5.0,tag,road7
827648311-0,track,3.0,5.0,tag,road7
827648312-0,track,3.0,5.0,tag,road7
827648312-1,track,3.0,5.0,tag,road7
827648313-0,track,3.0,5.0,tag,road7
827648314-0,track,3.0,5.0,tag,road7
827648315-0,track,4.0,5.0,tag,road7
827648316-0,service,3.0,5.0,class,road7
827657660-0,track,5.0,5.0,road6,road7
827798011-0,track,3.0,5.0,tag,road7
827798011-1,track,3.0,5.0,tag,road7
827798011-2,track,3.0,5.0,tag,road7
827798013-0,track,2.0,5.0,tag,road7
827904246-0,service,3.0,5.0,class,road7
827909880-0,track,3.0,5.0,tag,road7
827909881-0,track,2.0,5.0,tag,road7
827921382-7,track,4.0,5.0,tag,road7
828126281-0,track,5.0,5.0,road6,road7
828126281-1,track,5.0,5.0,road6,road7
828129902-0,service,3.0,5.0,class,road7
828129903-0,service,3.0,5.0,tag,road7
828129906-0,service,3.0,5.0,class,road7
828129907-0,service,3.0,5.0,class,road7
829597632-0,track,2.0,5.0,tag,road7
829597633-0,track,3.0,5.0,tag,road7
829597634-0,track,5.0,5.0,road6,road7
829597635-0,track,3.0,5.0,tag,road7
829597636-0,track,3.0,5.0,tag,road7
829597636-1,track,3.0,5.0,tag,road7
829597636-2,track,5.0,5.0,road6,road7
829597636-3,track,3.0,5.0,tag,road7
829597637-0,track,5.0,5.0,road6,road7
829598111-0,track,2.0,5.0,tag,road7
829599168-0,track,3.0,5.0,tag,road7
829599169-0,track,3.0,5.0,tag,road7
829599170-0,service,3.0,5.0,class,road7
829600500-0,track,3.0,5.0,tag,road7
829600699-0,service,3.0,5.0,class,road7
829601966-0,service,3.0,5.0,class,road7
830369719-0,track,5.0,5.0,road6,road7
830373064-0,track,5.0,5.0,road6,road7
830373066-0,track,5.0,5.0,road6,road7
830373792-0,service,3.0,5.0,class,road7
830375190-0,track,3.0,5.0,class,road7
830375191-0,track,5.0,5.0,road6,road7
830399015-0,track,3.0,5.0,tag,road7
830399015-1,track,3.0,5.0,tag,road7
832284558-0,track,5.0,5.0,road6,road7
832284559-0,track,5.0,5.0,road6,road7
832284559-1,track,3.0,5.0,tag,road7
832284559-2,track,5.0,5.0,road6,road7
832284559-3,track,5.0,5.0,road6,road7
832284561-0,service,3.0,5.0,class,road7
832287291-0,track,3.0,5.0,tag,road7
832313382-1,track,3.0,5.0,class,road7
832330568-0,service,3.0,5.0,class,road7
832335012-0,track,3.0,5.0,class,road7
832335012-1,track,3.0,5.0,class,road7
832335013-0,track,3.0,5.0,class,road7
832335013-1,track,3.0,5.0,class,road7
832335013-2,track,3.0,5.0,class,road7
832335014-0,track,3.0,5.0,class,road7
832335018-0,track,3.0,5.0,class,road7
832335019-0,track,3.0,5.0,class,road7
832335019-1,track,3.0,5.0,class,road7
832335020-0,track,3.0,5.0,tag,road7
832335021-0,track,3.0,5.0,class,road7
832335023-0,track,3.0,5.0,class,road7
832335023-1,track,3.0,5.0,class,road7
832335023-2,track,3.0,5.0,class,road7
832335023-3,track,3.0,5.0,class,road7
833474672-0,service,3.0,5.0,class,road7
833474672-1,service,3.0,5.0,class,road7
83806597-0,track,3.0,5.0,class,road7
83806605-0,track,3.0,5.0,class,road7
83806605-1,track,3.0,5.0,class,road7
83806605-2,track,3.0,5.0,class,road7
838543927-0,service,3.0,5.0,class,road7
838584485-0,service,3.0,5.0,class,road7
838584487-0,service,3.0,5.0,class,road7
838584488-0,service,3.0,5.0,class,road7
838584489-0,service,3.0,5.0,class,road7
838584490-0,service,3.0,5.0,class,road7
838584491-0,service,3.0,5.0,class,road7
838584492-0,service,3.0,5.0,class,road7
838806054-0,track,3.0,5.0,tag,road7
838810875-0,service,3.0,5.0,class,road7
838810876-0,service,3.0,5.0,class,road7
838810877-0,service,3.0,5.0,class,road7
838810879-0,service,3.0,5.0,class,road7
838812531-1,service,3.0,5.0,class,road7
838812532-0,service,3.0,5.0,class,road7
838815995-0,track,3.0,5.0,tag,road7
838815995-1,track,3.0,5.0,tag,road7
838815997-0,track,3.0,5.0,class,road7
838815997-1,track,3.0,5.0,class,road7
838815997-2,track,3.0,5.0,class,road7
838815998-0,track,3.0,5.0,tag,road7
838816867-0,service,3.0,5.0,class,road7
838816868-0,service,3.0,5.0,class,road7
838816868-1,service,3.0,5.0,class,road7
838816869-0,service,3.0,5.0,class,road7
838816869-1,service,3.0,5.0,class,road7
838816870-0,service,3.0,5.0,class,road7
838816871-0,service,3.0,5.0,class,road7
838816872-0,service,3.0,5.0,class,road7
838820335-0,track,3.0,5.0,tag,road7
838820336-0,track,3.0,5.0,class,road7
838820337-0,track,3.0,5.0,class,road7
838820338-0,service,3.0,5.0,class,road7
838820339-0,track,3.0,5.0,class,road7
838820339-1,track,3.0,5.0,class,road7
838820340-0,track,3.0,5.0,class,road7
838821014-0,track,3.0,5.0,class,road7
838821015-0,service,3.0,5.0,class,road7
838912572-0,track,3.0,5.0,class,road7
845085858-0,track,3.0,5.0,class,road7
845085859-0,track,3.0,5.0,class,road7
846898563-0,track,3.0,5.0,tag,road7
846956197-0,track,3.0,5.0,tag,road7
846956198-0,service,3.0,5.0,class,road7
846956199-0,track,3.0,5.0,tag,road7
846956199-1,track,3.0,5.0,tag,road7
846956199-2,track,3.0,5.0,tag,road7
846956200-0,service,3.0,5.0,tag,road7
846956200-1,service,3.0,5.0,tag,road7
846956200-2,service,3.0,5.0,tag,road7
846956201-0,service,3.0,5.0,class,road7
846956202-0,service,3.0,5.0,class,road7
846956203-0,track,3.0,5.0,tag,road7
846956204-0,track,3.0,5.0,class,road7
846956204-1,track,3.0,5.0,class,road7
846956204-2,track,3.0,5.0,class,road7
846956205-0,service,3.0,5.0,class,road7
846956207-0,track,5.0,5.0,road6,road7
846956207-1,track,5.0,5.0,road6,road7
846961562-0,track,5.0,5.0,road6,road7
846961563-0,track,2.0,5.0,tag,road7
846962419-0,service,3.0,5.0,class,road7
847550101-0,service,3.0,5.0,class,road7
849194136-0,track,3.0,5.0,class,road7
849194137-0,track,3.0,5.0,class,road7
849194137-1,track,3.0,5.0,class,road7
849194137-2,track,3.0,5.0,class,road7
849194137-3,track,3.0,5.0,class,road7
849444903-0,track,5.0,5.0,road6,road7
849445193-0,track,3.0,5.0,class,road7
849445550-0,track,3.0,5.0,class,road7
849446946-0,track,3.0,5.0,class,road7
849447150-0,track,3.0,5.0,class,road7
849506949-3,service,3.0,5.0,class,road7
849506949-4,service,3.0,5.0,class,road7
849506949-5,service,3.0,5.0,class,road7
849506949-6,service,3.0,5.0,class,road7
849517192-0,service,3.0,5.0,class,road7
849683366-0,service,3.0,5.0,class,road7
849684573-0,service,3.0,5.0,class,road7
849686389-0,service,3.0,5.0,class,road7
868012516-0,track,3.0,5.0,class,road7
868012516-1,track,3.0,5.0,class,road7
868291580-0,service,3.0,5.0,class,road7
868295395-0,service,3.0,5.0,class,road7
868295397-0,service,3.0,5.0,class,road7
868295400-0,service,3.0,5.0,class,road7
89901327-0,track,3.0,5.0,tag,road7
89901331-0,track,3.0,5.0,class,road7
89901331-1,track,3.0,5.0,class,road7
89901331-2,track,3.0,5.0,class,road7
89901336-0,track,3.0,5.0,class,road7
89901444-0,track,3.0,5.0,class,road7
89901444-1,track,3.0,5.0,class,road7
89901444-2,track,3.0,5.0,class,road7
89901444-3,track,3.0,5.0,class,road7
89901444-4,track,3.0,5.0,class,road7
89901445-0,track,3.0,5.0,class,road7
89901445-1,track,3.0,5.0,class,road7
89901445-2,track,3.0,5.0,class,road7
89902099-0,track,3.0,5.0,tag,road7
89902100-0,track,3.0,5.0,class,road7
89902100-1,track,3.0,5.0,class,road7
89902101-0,track,3.0,5.0,class,road7
89902101-1,track,3.0,5.0,class,road7
89902101-2,track,3.0,5.0,class,road7
89902102-0,track,3.0,5.0,class,road7
89902103-0,track,3.0,5.0,class,road7
89902104-0,track,3.0,5.0,tag,road7
89902104-1,track,3.0,5.0,tag,road7
89902105-0,track,3.0,5.0,class,road7
89902106-0,track,3.0,5.0,tag,road7
89902106-1,track,3.0,5.0,tag,road7
89902106-2,track,3.0,5.0,tag,road7
89902106-3,track,3.0,5.0,tag,road7
89902106-4,track,3.0,5.0,tag,road7
89902107-0,track,3.0,5.0,class,road7
89902107-1,track,3.0,5.0,class,road7
89902108-0,track,3.0,5.0,class,road7
89902109-0,track,5.0,5.0,road6,road7
89902109-1,track,5.0,5.0,road6,road7
89902109-2,track,3.0,5.0,class,road7
89902109-3,track,3.0,5.0,class,road7
89902109-4,track,3.0,5.0,class,road7
89902109-5,track,5.0,5.0,road6,road7
89902109-6,track,3.0,5.0,class,road7
89902110-0,track,3.0,5.0,tag,road7
89902111-0,track,3.0,5.0,class,road7
89902111-1,track,3.0,5.0,class,road7
89902112-0,track,3.0,5.0,tag,road7
89902112-1,track,3.0,5.0,tag,road7
89902112-2,track,3.0,5.0,tag,road7
89902151-0,track,3.0,5.0,tag,road7
89902151-1,track,3.0,5.0,tag,road7
89902151-2,track,3.0,5.0,tag,road7
89902152-0,track,3.0,5.0,tag,road7
89902154-0,track,3.0,5.0,tag,road7
89902155-0,track,3.0,5.0,class,road7
89902155-1,track,3.0,5.0,class,road7
89902336-0,track,2.0,5.0,tag,road7
89902338-0,track,3.0,5.0,tag,road7
89902338-1,track,3.0,5.0,tag,road7
89902338-2,track,3.0,5.0,tag,road7
89903125-0,track,3.0,5.0,class,road7
89903125-1,track,3.0,5.0,class,road7
89903127-0,track,2.0,5.0,tag,road7
89903127-1,track,2.0,5.0,tag,road7
89903127-2,track,2.0,5.0,tag,road7
89903128-0,track,3.0,5.0,tag,road7
89903129-0,track,3.0,5.0,class,road7
89903130-0,track,3.0,5.0,class,road7
89903134-0,track,3.0,5.0,tag,road7
89903134-1,track,3.0,5.0,tag,road7
89903136-0,track,3.0,5.0,class,road7
89903136-1,track,3.0,5.0,class,road7
89903136-2,track,3.0,5.0,class,road7
89903138-0,track,3.0,5.0,tag,road7
89903138-1,track,3.0,5.0,tag,road7
89903138-2,track,3.0,5.0,tag,road7
89903141-0,track,3.0,5.0,class,road7
89903141-1,track,3.0,5.0,class,road7
89903145-0,track,2.0,5.0,tag,road7
89903145-1,track,2.0,5.0,tag,road7
89903146-0,track,3.0,5.0,tag,road7
89903150-0,track,3.0,5.0,class,road7
89903150-1,track,3.0,5.0,class,road7
89903171-0,track,3.0,5.0,tag,road7
89903172-0,track,2.0,5.0,tag,road7
904688812-0,service,3.0,5.0,class,road7
904688813-0,service,3.0,5.0,class,road7
904688813-1,service,3.0,5.0,class,road7
904688814-0,service,3.0,5.0,class,road7
904688815-0,service,3.0,5.0,class,road7
904688816-0,service,3.0,5.0,class,road7
904688817-0,service,3.0,5.0,class,road7
904688817-1,service,3.0,5.0,class,road7
904688817-2,service,3.0,5.0,class,road7
904694368-0,service,3.0,5.0,class,road7
904694369-0,service,3.0,5.0,class,road7
904694370-0,service,3.0,5.0,class,road7
904981633-0,service,3.0,5.0,class,road7
908109399-0,service,3.0,5.0,class,road7
908109399-1,service,3.0,5.0,class,road7
914472361-0,track,3.0,5.0,class,road7
914472361-1,track,3.0,5.0,class,road7
914472362-0,track,3.0,5.0,class,road7
914477208-0,service,3.0,5.0,class,road7
914477208-1,service,3.0,5.0,class,road7
918613176-0,service,3.0,5.0,class,road7
918613176-1,service,3.0,5.0,class,road7
918613177-0,service,3.0,5.0,class,road7
923094806-0,track,2.0,5.0,tag,road7
936232666-0,service,3.0,5.0,class,road7
936232667-0,service,3.0,5.0,class,road7
936232668-0,service,3.0,5.0,class,road7
936232669-0,service,3.0,5.0,class,road7
936232670-0,service,3.0,5.0,class,road7
936232671-0,service,3.0,5.0,class,road7
936232672-0,service,3.0,5.0,class,road7
942951391-0,service,3.0,5.0,class,road7
943864462-0,service,3.0,5.0,class,road7
943864462-1,service,3.0,5.0,class,road7
945510140-0,service,3.0,5.0,class,road7
946228121-0,service,3.0,5.0,class,road7
948590131-0,service,3.0,5.0,class,road7
95208642-0,track,3.0,5.0,class,road7
95208644-0,track,3.0,5.0,class,road7
95208644-1,track,3.0,5.0,class,road7
95208644-2,track,3.0,5.0,class,road7
95208644-3,track,3.0,5.0,class,road7
95208645-0,track,3.0,5.0,class,road7
95208645-1,track,3.0,5.0,class,road7
95491803-0,service,3.0,5.0,class,road7
95491803-1,service,3.0,5.0,class,road7
95491807-0,track,3.0,5.0,class,road7
95491807-1,track,3.0,5.0,class,road7
95491811-0,track,3.0,5.0,class,road7
95491811-1,track,3.0,5.0,class,road7
95491811-2,track,3.0,5.0,class,road7
95491811-3,track,3.0,5.0,class,road7
95491811-4,track,3.0,5.0,class,road7
95491811-5,track,3.0,5.0,class,road7
95491813-0,service,3.0,5.0,class,road7
95491816-0,track,3.0,5.0,class,road7
95491819-0,track,3.0,5.0,class,road7
95491819-1,track,3.0,5.0,class,road7
95491819-2,track,3.0,5.0,class,road7
95491821-0,track,3.0,5.0,class,road7
95491821-1,track,3.0,5.0,class,road7
95491821-2,track,3.0,5.0,class,road7
95491823-0,service,3.0,5.0,class,road7
95491823-1,service,3.0,5.0,class,road7
95491824-0,service,3.0,5.0,class,road7
95491824-1,service,3.0,5.0,class,road7
95491826-0,track,3.0,5.0,class,road7
95491826-1,track,3.0,5.0,class,road7
95491826-2,track,3.0,5.0,class,road7
95491826-3,track,3.0,5.0,class,road7
95491831-0,service,3.0,5.0,class,road7
95491831-1,service,3.0,5.0,class,road7
963122534-0,service,3.0,5.0,class,road7
963122535-0,service,3.0,5.0,class,road7
965873997-0,service,3.0,5.0,class,road7
965873997-1,service,3.0,5.0,class,road7
965873997-2,service,3.0,5.0,class,road7
965873997-3,service,3.0,5.0,class,road7
967796156-0,service,3.0,5.0,class,road7
967796162-0,service,3.0,5.0,class,road7
967796166-0,service,3.0,5.0,class,road7
967796166-1,service,3.0,5.0,class,road7
967796167-0,service,3.0,5.0,class,road7
969492833-0,track,3.0,5.0,class,road7
969492833-1,track,3.0,5.0,class,road7
969492835-0,service,3.0,5.0,class,road7
969492835-1,service,3.0,5.0,class,road7
969492836-1,service,3.0,5.0,class,road7
969492836-2,service,3.0,5.0,class,road7
969492837-0,service,3.0,5.0,class,road7
969492846-0,service,3.0,5.0,class,road7
980459444-0,service,3.0,5.0,class,road7
980459445-0,service,3.0,5.0,class,road7
